CHART																
Category	Term	Count	%	PValue	Genes	List Total	Pop Hits	Pop Total	Fold Enrichment	Bonferroni	Benjamini	FDR				
GOTERM_MF_DIRECT	GO:0003735~structural constituent of ribosome	16	11.8518518518519	1.58981845231495E-14	SMC01319, SMC01307, SMC03859, SMC01309, SMC01291, SMC01283, SMC01293, SMC01295, SMC02692, SMC01297, SMC01321, SMC00565, SMC01301, SMC00567, SMC00335, SMC01305	69	53	3484	15.2430954334154	1.04782849064122E-12	1.04928017852787E-12	1.03338199400472E-12				
UP_KW_MOLECULAR_FUNCTION	KW-0687~Ribonucleoprotein	16	11.8518518518519	3.16134510308221E-14	SMC01319, SMC01307, SMC03859, SMC01309, SMC01291, SMC01283, SMC01293, SMC01295, SMC02692, SMC01297, SMC01321, SMC00565, SMC01301, SMC00567, SMC00335, SMC01305	49	56	2380	13.8775510204082	7.2775119264179E-13	3.63554686854454E-13	3.47747961339043E-13				
UP_KW_MOLECULAR_FUNCTION	KW-0689~Ribosomal protein	16	11.8518518518519	3.16134510308221E-14	SMC01319, SMC01307, SMC03859, SMC01309, SMC01291, SMC01283, SMC01293, SMC01295, SMC02692, SMC01297, SMC01321, SMC00565, SMC01301, SMC00567, SMC00335, SMC01305	49	56	2380	13.8775510204082	7.2775119264179E-13	3.63554686854454E-13	3.47747961339043E-13				
UP_KW_CELLULAR_COMPONENT	KW-0969~Cilium	15	11.1111111111111	2.13752993754088E-13	SMC03071, SMC03020, SMC03054, SMC03032, SMC03051, SMC03030, SMC03024, SMC03047, SMC03022, SMC03034, SMC03028, SMC03039, SMC03026, SMC03037, SMC03049	53	37	1767	13.5160632330444	2.56461518688411E-12	8.55011975016352E-13	5.70007983344235E-13				
UP_KW_CELLULAR_COMPONENT	KW-0282~Flagellum	15	11.1111111111111	2.13752993754088E-13	SMC03071, SMC03020, SMC03054, SMC03032, SMC03051, SMC03030, SMC03024, SMC03047, SMC03022, SMC03034, SMC03028, SMC03039, SMC03026, SMC03037, SMC03049	53	37	1767	13.5160632330444	2.56461518688411E-12	8.55011975016352E-13	5.70007983344235E-13				
UP_KW_CELLULAR_COMPONENT	KW-0966~Cell projection	15	11.1111111111111	2.13752993754088E-13	SMC03071, SMC03020, SMC03054, SMC03032, SMC03051, SMC03030, SMC03024, SMC03047, SMC03022, SMC03034, SMC03028, SMC03039, SMC03026, SMC03037, SMC03049	53	37	1767	13.5160632330444	2.56461518688411E-12	8.55011975016352E-13	5.70007983344235E-13				
UP_KW_MOLECULAR_FUNCTION	KW-0694~RNA-binding	14	10.3703703703704	1.64029917190106E-11	SMC01319, SMC01307, SMC01309, SMC03051, SMC01293, SMC01295, SMC02692, SMC03242, SMC01297, SMC01321, SMC00565, SMC00567, SMC00335, SMC01305	49	56	2380	12.1428571428571	3.77268771778461E-10	1.25756269845748E-10	1.20288605939411E-10				
UP_KW_MOLECULAR_FUNCTION	KW-0699~rRNA-binding	12	8.88888888888889	5.41415662590099E-11	SMC01319, SMC01307, SMC01309, SMC01293, SMC01295, SMC02692, SMC03242, SMC01297, SMC01321, SMC00565, SMC00567, SMC01305	49	38	2380	15.3383458646617	1.24525634248585E-09	3.11314005989307E-10	2.97778614424555E-10				
GOTERM_BP_DIRECT	GO:0006412~translation	16	11.8518518518519	6.39035592478992E-11	SMC01319, SMC01307, SMC03859, SMC01309, SMC01291, SMC01283, SMC01293, SMC01295, SMC02692, SMC01297, SMC01321, SMC00565, SMC01301, SMC00567, SMC00335, SMC01305	62	61	2024	8.56266525647805	2.49223841564117E-09	2.42833525142017E-09	2.42833525142017E-09				
GOTERM_BP_DIRECT	GO:0071973~bacterial-type flagellum-dependent cell motility	10	7.40740740740741	2.26347335481094E-10	SMC03020, SMC03032, SMC03030, SMC03024, SMC03047, SMC03034, SMC03039, SMC03028, SMC03037, SMC03049	62	17	2024	19.2030360531309	8.82754802589147E-09	4.30059937414078E-09	4.30059937414078E-09				
UP_KW_CELLULAR_COMPONENT	KW-0975~Bacterial flagellum	10	7.40740740740741	3.22807954521855E-10	SMC03020, SMC03032, SMC03030, SMC03024, SMC03047, SMC03034, SMC03039, SMC03028, SMC03037, SMC03049	53	18	1767	18.5220125786164	3.87369603060961E-09	9.68423863565566E-10	6.45615909043711E-10				
GOTERM_CC_DIRECT	GO:0005840~ribosome	13	9.62962962962963	1.50635330837709E-08	SMC01307, SMC03859, SMC01309, SMC01283, SMC01293, SMC01295, SMC02692, SMC01297, SMC01321, SMC00565, SMC01301, SMC00567, SMC00335	70	45	1968	8.12190476190476	3.31397675523704E-07	3.31397727842959E-07	3.31397727842959E-07				
GOTERM_MF_DIRECT	GO:0019843~rRNA binding	9	6.66666666666667	2.71550896796298E-07	SMC01307, SMC01309, SMC01293, SMC01295, SMC03242, SMC01297, SMC00565, SMC00567, SMC01305	69	36	3484	12.6231884057971	1.79222010155966E-05	8.96117959427783E-06	8.82540414587968E-06				
GOTERM_BP_DIRECT	GO:0006935~chemotaxis	7	5.18518518518519	1.16914596853748E-05	SMC03020, SMC03043, SMC03010, SMC03022, SMC03012, SMC03090, SMC03008	62	19	2024	12.0271646859083	0.000455865654873	0.000148091822681	0.000148091822681				
UP_KW_BIOLOGICAL_PROCESS	KW-0145~Chemotaxis	6	4.44444444444444	1.17388360627735E-05	SMC03020, SMC03043, SMC03010, SMC03022, SMC03012, SMC03008	37	13	1337	16.6777546777547	0.000258222564009	0.000258254393381	0.000258254393381				
UP_SEQ_FEATURE	DOMAIN:Flg_bb_rod	4	2.96296296296296	5.47742416961146E-05	SMC03030, SMC03024, SMC03047, SMC03028	79	5	4331	43.8582278481013	0.005244669661043	0.002629163601414	0.002629163601414				
UP_SEQ_FEATURE	DOMAIN:Flg_bbr_C	4	2.96296296296296	5.47742416961146E-05	SMC03030, SMC03024, SMC03047, SMC03028	79	5	4331	43.8582278481013	0.005244669661043	0.002629163601414	0.002629163601414				
INTERPRO	IPR001444:Flagellar basal body rod protein, N-terminal	4	2.96296296296296	8.97165152811073E-05	SMC03030, SMC03024, SMC03047, SMC03028	104	5	4859	37.3769230769231	0.020248472792568	0.010227682742046	0.010227682742046				
INTERPRO	IPR010930:Flagellar basal-body/hook protein, C-terminal domain	4	2.96296296296296	8.97165152811073E-05	SMC03030, SMC03024, SMC03047, SMC03028	104	5	4859	37.3769230769231	0.020248472792568	0.010227682742046	0.010227682742046				
UP_KW_BIOLOGICAL_PROCESS	KW-0536~Nodulation	7	5.18518518518519	0.000193061604779	SMA0849, SMA0869, SMA0853, SMA0863, SMA0866, SMA0876, SMA0851	37	34	1337	7.439586645469	0.004238756363818	0.002123677652574	0.002123677652574				
GOTERM_MF_DIRECT	GO:0005198~structural molecule activity	4	2.96296296296296	0.000371427693932	SMC03032, SMC03039, SMC03037, SMC03049	69	8	3484	25.2463768115942	0.024220637911037	0.008171409266498	0.008047600035187				
UP_KW_BIOLOGICAL_PROCESS	KW-0346~Stress response	7	5.18518518518519	0.000562560010646	SM_B21294, SMC00913, SMC02376, SM_B22023, SMA0745, SMC01106, SMC02857	37	41	1337	6.16941331575478	0.012303488237844	0.004125440078067	0.004125440078067				
INTERPRO	IPR020013:Fagellar hook-basal body protein, FlgE/F/G	3	2.22222222222222	0.001316713924211	SMC03030, SMC03024, SMC03047	104	3	4859	46.7211538461538	0.259484411545566	0.075052693680049	0.075052693680049				
INTERPRO	IPR019776:Flagellar basal body rod protein, conserved site	3	2.22222222222222	0.001316713924211	SMC03030, SMC03047, SMC03028	104	3	4859	46.7211538461538	0.259484411545566	0.075052693680049	0.075052693680049				
UP_KW_MOLECULAR_FUNCTION	KW-0143~Chaperone	5	3.7037037037037	0.002716625381302	SMC02050, SMC00913, SM_B22023, SMA0745, SMC02857	49	30	2380	8.0952380952381	0.060650259389785	0.012496476753988	0.011953151677728				
UP_SEQ_FEATURE	DOMAIN:Flagellin_D0/D1	3	2.22222222222222	0.003091651631732	SMC03039, SMC03037, SMC03049	79	5	4331	32.893670886076	0.257147893606771	0.098932852215414	0.098932852215414				
GOTERM_MF_DIRECT	GO:0016887~ATPase activity	5	3.7037037037037	0.00316267836893	SMC00913, SMC02376, SM_B22023, SMA0745, SMC02857	69	32	3484	7.88949275362319	0.188659575180398	0.05218419308735	0.051393523495117				
INTERPRO	IPR001029:Flagellin, D0/D1 domain	3	2.22222222222222	0.004268486973094	SMC03039, SMC03037, SMC03049	104	5	4859	28.0326923076923	0.622920047093493	0.194643005973099	0.194643005973099				
UP_KW_PTM	KW-0488~Methylation	3	2.22222222222222	0.004438732604509	SMC01309, SMC01321, SMC02436	9	3	193	21.4444444444444	0.013257178225575	0.017754930418036	0.017754930418036				
UP_KW_BIOLOGICAL_PROCESS	KW-0283~Flagellar rotation	3	2.22222222222222	0.009882071088202	SMC03020, SMC03043, SMC03022	37	6	1337	18.0675675675676	0.196265993610308	0.054351390985109	0.054351390985109				
GOTERM_BP_DIRECT	GO:0006457~protein folding	4	2.96296296296296	0.015395983288723	SMC02050, SM_B22023, SMA0745, SMC02857	62	18	2024	7.25448028673835	0.453987578272181	0.14626184124287	0.14626184124287				
GOTERM_CC_DIRECT	GO:0009288~bacterial-type flagellum	3	2.22222222222222	0.016590158399918	SMC03039, SMC03037, SMC03049	70	6	1968	14.0571428571429	0.307913934627227	0.182491742399096	0.182491742399096				
UP_KW_DOMAIN	KW-0175~Coiled coil	14	10.3703703703704	0.024292068487452	SMC00978, SMC00913, SM_B21377, SM_B21207, SMC03054, SMC03041, SMC03028, SMC03039, SMC03037, SMC01301, SMA0876, SMC02436, SMC00335, SMC02857	40	339	1770	1.82743362831858	0.158141991519981	0.170044479412164	0.170044479412164				
UP_SEQ_FEATURE	REGION:Disordered	19	14.0740740740741	0.026976466430262	SMC03859, SM_B21640, SMC02172, SMC02050, SMC03043, SMC02061, SMA1550, SMC03773, SMC02692, SMC03034, SMC04316, SMC02501, SMA0866, SMC00565, SMC03857, SMC02436, SMC02857, SMC00887, SMC00821	79	627	4331	1.66129650939778	0.927582913505174	0.647435194326288	0.647435194326288				
GOTERM_MF_DIRECT	GO:0070180~large ribosomal subunit rRNA binding	2	1.48148148148148	0.038660141286477	SMC01319, SMC01321	69	2	3484	50.4927536231884	0.925889686590328	0.510313864981501	0.502581836724205				
UP_KW_MOLECULAR_FUNCTION	KW-0675~Receptor	3	2.22222222222222	0.039932301711296	SMC02890, SMC03012, SMA2414	49	16	2380	9.10714285714286	0.608309774624133	0.153073823226635	0.146418439608086				
INTERPRO	IPR013126:Heat shock protein 70 family	2	1.48148148148148	0.041950479859366	SMC02376, SMC02857	104	2	4859	46.7211538461538	0.999942923891759	1	1				
INTERPRO	IPR018181:Heat shock protein 70, conserved site	2	1.48148148148148	0.041950479859366	SMC02376, SMC02857	104	2	4859	46.7211538461538	0.999942923891759	1	1				
UP_KW_CELLULAR_COMPONENT	KW-0964~Secreted	3	2.22222222222222	0.053862633932518	SMC03039, SMC03037, SMC03049	53	13	1767	7.69375907111756	0.485423042970165	0.129270321438043	0.086180214292029				
GOTERM_MF_DIRECT	GO:0050568~protein-glutamine glutaminase activity	2	1.48148148148148	0.057434153461488	SMC03010, SMC03012	69	3	3484	33.6618357487923	0.979836210744384	0.585637620818311	0.576764323533185				
GOTERM_MF_DIRECT	GO:0000049~tRNA binding	3	2.22222222222222	0.062113080995882	SMC03242, SMC01297, SMC00908	69	21	3484	7.21325051759834	0.985481170947677	0.585637620818311	0.576764323533185				
UP_SEQ_FEATURE	DOMAIN:SHSP	2	1.48148148148148	0.070139594009906	SM_B21294, SMC01106	79	4	4331	27.4113924050633	0.99907080998038	1	1				
SMART	SM00883:SM00883	2	1.48148148148148	0.076536100999076	SM_B22023, SMA0745	22	4	1067	24.25	0.779718247868236	1	1				
INTERPRO	IPR008978:HSP20-like chaperone	2	1.48148148148148	0.082157490839388	SM_B21294, SMC01106	104	4	4859	23.3605769230769	0.999999996755541	1	1				
INTERPRO	IPR018369:Chaperonin Cpn10, conserved site	2	1.48148148148148	0.082157490839388	SM_B22023, SMA0745	104	4	4859	23.3605769230769	0.999999996755541	1	1				
INTERPRO	IPR020818:Chaperonin Cpn10	2	1.48148148148148	0.082157490839388	SM_B22023, SMA0745	104	4	4859	23.3605769230769	0.999999996755541	1	1				
INTERPRO	IPR002068:Alpha crystallin/Hsp20 domain	2	1.48148148148148	0.082157490839388	SM_B21294, SMC01106	104	4	4859	23.3605769230769	0.999999996755541	1	1				
INTERPRO	IPR001492:Flagellin	2	1.48148148148148	0.082157490839388	SMC03039, SMC03037	104	4	4859	23.3605769230769	0.999999996755541	1	1				
GOTERM_BP_DIRECT	GO:0097588~archaeal or bacterial-type flagellum-dependent cell motility	2	1.48148148148148	0.087759489988805	SMC03043, SMC03022	62	3	2024	21.7634408602151	0.972185912881334	0.576020751742789	0.576020751742789				
GOTERM_BP_DIRECT	GO:0007165~signal transduction	3	2.22222222222222	0.090950645012019	SMC00992, SMC03090, SMC03008	62	17	2024	5.76091081593928	0.975738868212136	0.576020751742789	0.576020751742789				
GOTERM_MF_DIRECT	GO:0003774~motor activity	2	1.48148148148148	0.093904981457625	SMC03020, SMC03034	69	5	3484	20.1971014492754	0.998509036459219	0.774716097025407	0.762977974343204				
GOTERM_CC_DIRECT	GO:0005576~extracellular region	3	2.22222222222222	0.094844074938804	SMC03039, SMC03037, SMC03049	70	15	1968	5.62285714285714	0.888335591590454	0.558734090045516	0.558734090045516				
UP_KW_CELLULAR_COMPONENT	KW-0998~Cell outer membrane	3	2.22222222222222	0.096295304166391	SMC02890, SMC03034, SMA2414	53	18	1767	5.55660377358491	0.703299370579938	0.192590608332781	0.128393738888521				
																
																
																
CLUSTERING																
Annotation Cluster 1	Enrichment Score: 11.429308753514293															
Category	Term	Count	%	PValue	Genes	List Total	Pop Hits	Pop Total	Fold Enrichment	Bonferroni	Benjamini	FDR				
UP_KW_CELLULAR_COMPONENT	KW-0282~Flagellum	15	11.1111111111111	2.13752993754088E-13	SMC03071, SMC03020, SMC03054, SMC03032, SMC03051, SMC03030, SMC03024, SMC03047, SMC03022, SMC03034, SMC03028, SMC03039, SMC03026, SMC03037, SMC03049	53	37	1767	13.5160632330444	2.56461518688411E-12	8.55011975016352E-13	5.70007983344235E-13				
UP_KW_CELLULAR_COMPONENT	KW-0966~Cell projection	15	11.1111111111111	2.13752993754088E-13	SMC03071, SMC03020, SMC03054, SMC03032, SMC03051, SMC03030, SMC03024, SMC03047, SMC03022, SMC03034, SMC03028, SMC03039, SMC03026, SMC03037, SMC03049	53	37	1767	13.5160632330444	2.56461518688411E-12	8.55011975016352E-13	5.70007983344235E-13				
UP_KW_CELLULAR_COMPONENT	KW-0969~Cilium	15	11.1111111111111	2.13752993754088E-13	SMC03071, SMC03020, SMC03054, SMC03032, SMC03051, SMC03030, SMC03024, SMC03047, SMC03022, SMC03034, SMC03028, SMC03039, SMC03026, SMC03037, SMC03049	53	37	1767	13.5160632330444	2.56461518688411E-12	8.55011975016352E-13	5.70007983344235E-13				
GOTERM_BP_DIRECT	GO:0071973~bacterial-type flagellum-dependent cell motility	10	7.40740740740741	2.26347335481094E-10	SMC03020, SMC03032, SMC03030, SMC03024, SMC03047, SMC03034, SMC03039, SMC03028, SMC03037, SMC03049	62	17	2024	19.2030360531309	8.82754802589147E-09	4.30059937414078E-09	4.30059937414078E-09				
UP_KW_CELLULAR_COMPONENT	KW-0975~Bacterial flagellum	10	7.40740740740741	3.22807954521855E-10	SMC03020, SMC03032, SMC03030, SMC03024, SMC03047, SMC03034, SMC03039, SMC03028, SMC03037, SMC03049	53	18	1767	18.5220125786164	3.87369603060961E-09	9.68423863565566E-10	6.45615909043711E-10				
																
Annotation Cluster 2	Enrichment Score: 10.804143954492615															
Category	Term	Count	%	PValue	Genes	List Total	Pop Hits	Pop Total	Fold Enrichment	Bonferroni	Benjamini	FDR				
GOTERM_MF_DIRECT	GO:0003735~structural constituent of ribosome	16	11.8518518518519	1.58981845231495E-14	SMC01319, SMC01307, SMC03859, SMC01309, SMC01291, SMC01283, SMC01293, SMC01295, SMC02692, SMC01297, SMC01321, SMC00565, SMC01301, SMC00567, SMC00335, SMC01305	69	53	3484	15.2430954334154	1.04782849064122E-12	1.04928017852787E-12	1.03338199400472E-12				
UP_KW_MOLECULAR_FUNCTION	KW-0687~Ribonucleoprotein	16	11.8518518518519	3.16134510308221E-14	SMC01319, SMC01307, SMC03859, SMC01309, SMC01291, SMC01283, SMC01293, SMC01295, SMC02692, SMC01297, SMC01321, SMC00565, SMC01301, SMC00567, SMC00335, SMC01305	49	56	2380	13.8775510204082	7.2775119264179E-13	3.63554686854454E-13	3.47747961339043E-13				
UP_KW_MOLECULAR_FUNCTION	KW-0689~Ribosomal protein	16	11.8518518518519	3.16134510308221E-14	SMC01319, SMC01307, SMC03859, SMC01309, SMC01291, SMC01283, SMC01293, SMC01295, SMC02692, SMC01297, SMC01321, SMC00565, SMC01301, SMC00567, SMC00335, SMC01305	49	56	2380	13.8775510204082	7.2775119264179E-13	3.63554686854454E-13	3.47747961339043E-13				
UP_KW_MOLECULAR_FUNCTION	KW-0694~RNA-binding	14	10.3703703703704	1.64029917190106E-11	SMC01319, SMC01307, SMC01309, SMC03051, SMC01293, SMC01295, SMC02692, SMC03242, SMC01297, SMC01321, SMC00565, SMC00567, SMC00335, SMC01305	49	56	2380	12.1428571428571	3.77268771778461E-10	1.25756269845748E-10	1.20288605939411E-10				
UP_KW_MOLECULAR_FUNCTION	KW-0699~rRNA-binding	12	8.88888888888889	5.41415662590099E-11	SMC01319, SMC01307, SMC01309, SMC01293, SMC01295, SMC02692, SMC03242, SMC01297, SMC01321, SMC00565, SMC00567, SMC01305	49	38	2380	15.3383458646617	1.24525634248585E-09	3.11314005989307E-10	2.97778614424555E-10				
GOTERM_BP_DIRECT	GO:0006412~translation	16	11.8518518518519	6.39035592478992E-11	SMC01319, SMC01307, SMC03859, SMC01309, SMC01291, SMC01283, SMC01293, SMC01295, SMC02692, SMC01297, SMC01321, SMC00565, SMC01301, SMC00567, SMC00335, SMC01305	62	61	2024	8.56266525647805	2.49223841564117E-09	2.42833525142017E-09	2.42833525142017E-09				
GOTERM_CC_DIRECT	GO:0005840~ribosome	13	9.62962962962963	1.50635330837709E-08	SMC01307, SMC03859, SMC01309, SMC01283, SMC01293, SMC01295, SMC02692, SMC01297, SMC01321, SMC00565, SMC01301, SMC00567, SMC00335	70	45	1968	8.12190476190476	3.31397675523704E-07	3.31397727842959E-07	3.31397727842959E-07				
GOTERM_MF_DIRECT	GO:0019843~rRNA binding	9	6.66666666666667	2.71550896796298E-07	SMC01307, SMC01309, SMC01293, SMC01295, SMC03242, SMC01297, SMC00565, SMC00567, SMC01305	69	36	3484	12.6231884057971	1.79222010155966E-05	8.96117959427783E-06	8.82540414587968E-06				
																
Annotation Cluster 3	Enrichment Score: 5.189299998536428															
Category	Term	Count	%	PValue	Genes	List Total	Pop Hits	Pop Total	Fold Enrichment	Bonferroni	Benjamini	FDR				
GOTERM_BP_DIRECT	GO:0071973~bacterial-type flagellum-dependent cell motility	10	7.40740740740741	2.26347335481094E-10	SMC03020, SMC03032, SMC03030, SMC03024, SMC03047, SMC03034, SMC03039, SMC03028, SMC03037, SMC03049	62	17	2024	19.2030360531309	8.82754802589147E-09	4.30059937414078E-09	4.30059937414078E-09				
UP_KW_CELLULAR_COMPONENT	KW-0975~Bacterial flagellum	10	7.40740740740741	3.22807954521855E-10	SMC03020, SMC03032, SMC03030, SMC03024, SMC03047, SMC03034, SMC03039, SMC03028, SMC03037, SMC03049	53	18	1767	18.5220125786164	3.87369603060961E-09	9.68423863565566E-10	6.45615909043711E-10				
UP_SEQ_FEATURE	DOMAIN:Flg_bb_rod	4	2.96296296296296	5.47742416961146E-05	SMC03030, SMC03024, SMC03047, SMC03028	79	5	4331	43.8582278481013	0.005244669661043	0.002629163601414	0.002629163601414				
UP_SEQ_FEATURE	DOMAIN:Flg_bbr_C	4	2.96296296296296	5.47742416961146E-05	SMC03030, SMC03024, SMC03047, SMC03028	79	5	4331	43.8582278481013	0.005244669661043	0.002629163601414	0.002629163601414				
INTERPRO	IPR001444:Flagellar basal body rod protein, N-terminal	4	2.96296296296296	8.97165152811073E-05	SMC03030, SMC03024, SMC03047, SMC03028	104	5	4859	37.3769230769231	0.020248472792568	0.010227682742046	0.010227682742046				
INTERPRO	IPR010930:Flagellar basal-body/hook protein, C-terminal domain	4	2.96296296296296	8.97165152811073E-05	SMC03030, SMC03024, SMC03047, SMC03028	104	5	4859	37.3769230769231	0.020248472792568	0.010227682742046	0.010227682742046				
INTERPRO	IPR020013:Fagellar hook-basal body protein, FlgE/F/G	3	2.22222222222222	0.001316713924211	SMC03030, SMC03024, SMC03047	104	3	4859	46.7211538461538	0.259484411545566	0.075052693680049	0.075052693680049				
INTERPRO	IPR019776:Flagellar basal body rod protein, conserved site	3	2.22222222222222	0.001316713924211	SMC03030, SMC03047, SMC03028	104	3	4859	46.7211538461538	0.259484411545566	0.075052693680049	0.075052693680049				
																
Annotation Cluster 4	Enrichment Score: 3.955886084077829															
Category	Term	Count	%	PValue	Genes	List Total	Pop Hits	Pop Total	Fold Enrichment	Bonferroni	Benjamini	FDR				
GOTERM_BP_DIRECT	GO:0006935~chemotaxis	7	5.18518518518519	1.16914596853748E-05	SMC03020, SMC03043, SMC03010, SMC03022, SMC03012, SMC03090, SMC03008	62	19	2024	12.0271646859083	0.000455865654873	0.000148091822681	0.000148091822681				
UP_KW_BIOLOGICAL_PROCESS	KW-0145~Chemotaxis	6	4.44444444444444	1.17388360627735E-05	SMC03020, SMC03043, SMC03010, SMC03022, SMC03012, SMC03008	37	13	1337	16.6777546777547	0.000258222564009	0.000258254393381	0.000258254393381				
UP_KW_BIOLOGICAL_PROCESS	KW-0283~Flagellar rotation	3	2.22222222222222	0.009882071088202	SMC03020, SMC03043, SMC03022	37	6	1337	18.0675675675676	0.196265993610308	0.054351390985109	0.054351390985109				
																
Annotation Cluster 5	Enrichment Score: 2.063585480257075															
Category	Term	Count	%	PValue	Genes	List Total	Pop Hits	Pop Total	Fold Enrichment	Bonferroni	Benjamini	FDR				
GOTERM_MF_DIRECT	GO:0005198~structural molecule activity	4	2.96296296296296	0.000371427693932	SMC03032, SMC03039, SMC03037, SMC03049	69	8	3484	25.2463768115942	0.024220637911037	0.008171409266498	0.008047600035187				
UP_SEQ_FEATURE	DOMAIN:Flagellin_D0/D1	3	2.22222222222222	0.003091651631732	SMC03039, SMC03037, SMC03049	79	5	4331	32.893670886076	0.257147893606771	0.098932852215414	0.098932852215414				
INTERPRO	IPR001029:Flagellin, D0/D1 domain	3	2.22222222222222	0.004268486973094	SMC03039, SMC03037, SMC03049	104	5	4859	28.0326923076923	0.622920047093493	0.194643005973099	0.194643005973099				
GOTERM_CC_DIRECT	GO:0009288~bacterial-type flagellum	3	2.22222222222222	0.016590158399918	SMC03039, SMC03037, SMC03049	70	6	1968	14.0571428571429	0.307913934627227	0.182491742399096	0.182491742399096				
UP_KW_CELLULAR_COMPONENT	KW-0964~Secreted	3	2.22222222222222	0.053862633932518	SMC03039, SMC03037, SMC03049	53	13	1767	7.69375907111756	0.485423042970165	0.129270321438043	0.086180214292029				
GOTERM_CC_DIRECT	GO:0005576~extracellular region	3	2.22222222222222	0.094844074938804	SMC03039, SMC03037, SMC03049	70	15	1968	5.62285714285714	0.888335591590454	0.558734090045516	0.558734090045516				
																
Annotation Cluster 6	Enrichment Score: 1.459445054800368															
Category	Term	Count	%	PValue	Genes	List Total	Pop Hits	Pop Total	Fold Enrichment	Bonferroni	Benjamini	FDR				
UP_KW_BIOLOGICAL_PROCESS	KW-0346~Stress response	7	5.18518518518519	0.000562560010646	SM_B21294, SMC00913, SMC02376, SM_B22023, SMA0745, SMC01106, SMC02857	37	41	1337	6.16941331575478	0.012303488237844	0.004125440078067	0.004125440078067				
UP_KW_MOLECULAR_FUNCTION	KW-0143~Chaperone	5	3.7037037037037	0.002716625381302	SMC02050, SMC00913, SM_B22023, SMA0745, SMC02857	49	30	2380	8.0952380952381	0.060650259389785	0.012496476753988	0.011953151677728				
GOTERM_MF_DIRECT	GO:0016887~ATPase activity	5	3.7037037037037	0.00316267836893	SMC00913, SMC02376, SM_B22023, SMA0745, SMC02857	69	32	3484	7.88949275362319	0.188659575180398	0.05218419308735	0.051393523495117				
GOTERM_BP_DIRECT	GO:0006457~protein folding	4	2.96296296296296	0.015395983288723	SMC02050, SM_B22023, SMA0745, SMC02857	62	18	2024	7.25448028673835	0.453987578272181	0.14626184124287	0.14626184124287				
UP_KW_LIGAND	KW-0547~Nucleotide-binding	6	4.44444444444444	0.229078327382553	SMC00913, SMC02376, SMC02501, SMC03159, SMC01169, SMC02857	13	278	986	1.63696734919756	0.955932028497951	1	1				
UP_KW_LIGAND	KW-0067~ATP-binding	5	3.7037037037037	0.311746502109039	SMC00913, SMC02376, SMC02501, SMC03159, SMC02857	13	234	986	1.62064431295201	0.988702531807211	1	1				
GOTERM_MF_DIRECT	GO:0005524~ATP binding	10	7.40740740740741	0.529374113917687	SMC00913, SMC04300, SMC02376, SM_B22023, SMC04288, SMC00908, SMC02501, SMC03159, SMA0745, SMC02857	69	452	3484	1.11709631909709	1	1	1				
UP_SEQ_FEATURE	NP_BIND:ATP	5	3.7037037037037	0.750291795853178	SMC00913, SMC04300, SMC04288, SMC02501, SMC03159	79	279	4331	0.982487182977179	1	1	1				
																
Annotation Cluster 7	Enrichment Score: 0.36098910621312297															
Category	Term	Count	%	PValue	Genes	List Total	Pop Hits	Pop Total	Fold Enrichment	Bonferroni	Benjamini	FDR				
UP_SEQ_FEATURE	DOMAIN:Response regulatory	3	2.22222222222222	0.327708448497984	SMC03010, SMA1550, SMC03006	79	65	4331	2.530282375852	1	1	1				
SMART	SM00448:REC	3	2.22222222222222	0.332746355017561	SMC03010, SMA1550, SMC03006	22	60	1067	2.425	0.999541300631167	1	1				
INTERPRO	IPR001789:Signal transduction response regulator, receiver domain	3	2.22222222222222	0.395229532755499	SMC03010, SMA1550, SMC03006	104	64	4859	2.19005408653846	1	1	1				
INTERPRO	IPR011006:CheY-like superfamily	3	2.22222222222222	0.417642278817368	SMC03010, SMA1550, SMC03006	104	67	4859	2.09199196326062	1	1	1				
UP_KW_PTM	KW-0597~Phosphoprotein	4	2.96296296296296	0.870561944373411	SMC03010, SMA1550, SMC03006, SMC02857	9	98	193	0.875283446712018	0.997831367602407	1	1				
																
Annotation Cluster 8	Enrichment Score: 0.12615600888223413															
Category	Term	Count	%	PValue	Genes	List Total	Pop Hits	Pop Total	Fold Enrichment	Bonferroni	Benjamini	FDR				
GOTERM_MF_DIRECT	GO:0005524~ATP binding	10	7.40740740740741	0.529374113917687	SMC00913, SMC04300, SMC02376, SM_B22023, SMC04288, SMC00908, SMC02501, SMC03159, SMA0745, SMC02857	69	452	3484	1.11709631909709	1	1	1				
SMART	SM00382:AAA	5	3.7037037037037	0.665735621286264	SMC04300, SMC04288, SMC02501, SMC03159, SMC03857	22	222	1067	1.09234234234234	0.999999999092782	1	1				
INTERPRO	IPR003593:AAA+ ATPase domain	5	3.7037037037037	0.70035206076469	SMC04300, SMC04288, SMC02501, SMC03159, SMC03857	104	222	4859	1.05227823977824	1	1	1				
UP_SEQ_FEATURE	NP_BIND:ATP	5	3.7037037037037	0.750291795853178	SMC00913, SMC04300, SMC04288, SMC02501, SMC03159	79	279	4331	0.982487182977179	1	1	1				
INTERPRO	IPR027417:P-loop containing nucleoside triphosphate hydrolase	7	5.18518518518519	0.760185800103832	SMC04300, SMC03242, SMC04288, SMC02501, SMC03159, SMC03857, SMA0851	104	349	4859	0.937100506942914	1	1	1				
UP_SEQ_FEATURE	DOMAIN:ABC transporter	3	2.22222222222222	0.862006857181252	SMC04300, SMC04288, SMC03159	79	189	4331	0.870202933494073	1	1	1				
INTERPRO	IPR017871:ABC transporter, conserved site	3	2.22222222222222	0.879771288345884	SMC04300, SMC04288, SMC03159	104	169	4859	0.829369594902139	1	1	1				
INTERPRO	IPR003439:ABC transporter-like	3	2.22222222222222	0.916939256548177	SMC04300, SMC04288, SMC03159	104	190	4859	0.737702429149798	1	1	1				
																
Annotation Cluster 9	Enrichment Score: 0.10011164087260453															
Category	Term	Count	%	PValue	Genes	List Total	Pop Hits	Pop Total	Fold Enrichment	Bonferroni	Benjamini	FDR				
UP_KW_CELLULAR_COMPONENT	KW-0997~Cell inner membrane	6	4.44444444444444	0.520756320475492	SMC03020, SMC03022, SMA0853, SMA0863, SMC02501, SMC03159	53	161	1767	1.24247040900035	0.999853216673053	0.694341760633989	0.520756320475492				
UP_KW_CELLULAR_COMPONENT	KW-1003~Cell membrane	8	5.92592592592593	0.961817051667274	SMC03020, SMC04300, SMC03022, SMA0853, SMA0863, SMC02501, SMA0866, SMC03159	53	391	1767	0.682140616706075	1	1	0.961817051667274				
GOTERM_CC_DIRECT	GO:0005886~plasma membrane	10	7.40740740740741	0.999857377490095	SMC03020, SMC03054, SMC03022, SMC04288, SMA0853, SMC04316, SMC02501, SMA0866, SMC03159, SMC03857	70	604	1968	0.465468306527909	1	1	1				
																
Annotation Cluster 10	Enrichment Score: 0.03584805283279352															
Category	Term	Count	%	PValue	Genes	List Total	Pop Hits	Pop Total	Fold Enrichment	Bonferroni	Benjamini	FDR				
UP_KW_DOMAIN	KW-1133~Transmembrane helix	12	8.88888888888889	0.768281396380669	SM_B20705, SMC03022, SMC02243, SMA0853, SMC00992, SMA0863, SMA0866, SMC03026, SMC01180, SM_B21292, SMC00821, SM_B21505	40	574	1770	0.925087108013937	0.999964130417742	1	1				
UP_SEQ_FEATURE	TRANSMEM:Helical	17	12.5925925925926	0.876414123404146	SMC00978, SM_B21174, SMC01180, SM_B21505, SM_B20705, SMC03054, SMC03022, SMC02243, SMA0853, SMC00992, SMA0863, SMC04316, SMA0866, SMC03026, SMC02513, SM_B21292, SMC00821	79	1104	4331	0.84419143276463	1	1	1				
UP_KW_DOMAIN	KW-0812~Transmembrane	16	11.8518518518519	0.982955675171617	SMC00978, SMC01180, SM_B21505, SM_B20705, SMC03022, SMC04452, SMC02243, SMA0853, SMC00992, SMA0863, SMA2414, SMA0866, SMC03026, SMC02513, SM_B21292, SMC00821	40	954	1770	0.742138364779874	0.999999999999582	1	1				
UP_KW_CELLULAR_COMPONENT	KW-0472~Membrane	26	19.2592592592593	0.999991058813719	SMC00978, SM_B21505, SM_B20705, SMC03020, SMC03022, SMC04452, SMC02890, SMC00992, SMA0863, SMC04316, SMA0866, SMC03026, SMC02513, SM_B21174, SMC01180, SMC03054, SMC04300, SMC03157, SMC02243, SMC03034, SMA0853, SMA2414, SMC02501, SMC03159, SM_B21292, SMC00821	53	1316	1767	0.658685553707633	1	1	0.999991058813719				
GOTERM_CC_DIRECT	GO:0016021~integral component of membrane	17	12.5925925925926	0.999999999679028	SMC00978, SMC01180, SM_B21505, SM_B20705, SMC03054, SMC03022, SMC04452, SMC02243, SMA0853, SMC00992, SMC04316, SMA2414, SMA0866, SMC03026, SMC02513, SM_B21292, SMC00821	70	1148	1968	0.416326530612245	1	1	1				
																
																
																
																
TABLE																
ID	Gene Name	Species	GOTERM_BP_DIRECT	GOTERM_CC_DIRECT	GOTERM_MF_DIRECT	INTERPRO	PIR_SUPERFAMILY	SMART	UP_KW_BIOLOGICAL_PROCESS	UP_KW_CELLULAR_COMPONENT	UP_KW_DOMAIN	UP_KW_LIGAND	UP_KW_MOLECULAR_FUNCTION	UP_KW_PTM	UP_SEQ_FEATURE	
SMa5031	(2Fe-2S)-binding protein(SM2011_RS03815)	Sinorhizobium meliloti 2011			GO:0009055~electron carrier activity,GO:0051536~iron-sulfur cluster binding,	IPR001041:2Fe-2S ferredoxin-type domain,							KW-0560~Oxidoreductase,			
SM_b21640	1,2-phenylacetyl-CoA epoxidase subunit A(paaA)	Sinorhizobium meliloti 2011	GO:0010124~phenylacetate catabolic process,		GO:0097266~phenylacetyl-CoA 1,2-epoxidase activity,	IPR007814:Phenylacetic acid catabolic,IPR009078:Ferritin-like superfamily,IPR011881:Phenylacetate-CoA oxygenase, PaaG subunit,IPR012347:Ferritin-related,									REGION:Disordered,	
SMc03201	3-methyl-2-oxobutanoate dehydrogenase (2-methylpropanoyl-transferring) subunit alpha(SM2011_RS29295)	Sinorhizobium meliloti 2011	GO:0009083~branched-chain amino acid catabolic process,		GO:0003826~alpha-ketoacid dehydrogenase activity,GO:0003863~3-methyl-2-oxobutanoate dehydrogenase (2-methylpropanoyl-transferring) activity,	IPR001017:Dehydrogenase, E1 component,IPR022593:2-oxoisovalerate dehydrogenase, E1 alpha subunit, N-terminal,						KW-0786~Thiamine pyrophosphate,			DOMAIN:E1_dh,DOMAIN:OxoDH_E1alpha_N,	
SMc00335	30S ribosomal protein S1(rpsA)	Sinorhizobium meliloti 2011	GO:0006412~translation,	GO:0005840~ribosome,	GO:0003723~RNA binding,GO:0003735~structural constituent of ribosome,	IPR000110:Ribosomal protein S1,IPR003029:Ribosomal protein S1, RNA-binding domain,IPR012340:Nucleic acid-binding, OB-fold,IPR022967:RNA-binding domain, S1,	PIRSF002111:30S ribosomal protein S1,	SM00316:SM00316,			KW-0175~Coiled coil,KW-0677~Repeat,		KW-0687~Ribonucleoprotein,KW-0689~Ribosomal protein,KW-0694~RNA-binding,		DOMAIN:S1 motif,DOMAIN:S1 motif 1,DOMAIN:S1 motif 2,DOMAIN:S1 motif 3,DOMAIN:S1 motif 4,DOMAIN:S1 motif 5,DOMAIN:S1 motif 6,	
SMc01314	30S ribosomal protein S12(rpsL)	Sinorhizobium meliloti 1021	GO:0006412~translation,	GO:0015935~small ribosomal subunit,	GO:0000049~tRNA binding,GO:0003735~structural constituent of ribosome,GO:0019843~rRNA binding,	IPR005679:Ribosomal protein S12, bacteria,IPR006032:Ribosomal protein S12/S23,IPR012340:Nucleic acid-binding, OB-fold,	PIRSF002133:ribosomal protein, S12p/S12a/S23e/organellar S12 types,						KW-0687~Ribonucleoprotein,KW-0689~Ribosomal protein,KW-0694~RNA-binding,KW-0699~rRNA-binding,KW-0820~tRNA-binding,	KW-0488~Methylation,		
SMc03859	30S ribosomal protein S16(rpsP)	Sinorhizobium meliloti 2011	GO:0006412~translation,	GO:0005840~ribosome,	GO:0003735~structural constituent of ribosome,	IPR000307:Ribosomal protein S16,IPR023803:Ribosomal protein S16 domain,							KW-0687~Ribonucleoprotein,KW-0689~Ribosomal protein,		REGION:Disordered,	
SMc00567	30S ribosomal protein S18(SM2011_RS20110)	Sinorhizobium meliloti 2011	GO:0006412~translation,	GO:0005840~ribosome,	GO:0003735~structural constituent of ribosome,GO:0019843~rRNA binding,	IPR001648:Ribosomal protein S18,IPR018275:Ribosomal protein S18, conserved site,							KW-0687~Ribonucleoprotein,KW-0689~Ribosomal protein,KW-0694~RNA-binding,KW-0699~rRNA-binding,			
SMc01305	30S ribosomal protein S19(rpsS)	Sinorhizobium meliloti 2011	GO:0006412~translation,	GO:0015935~small ribosomal subunit,	GO:0003735~structural constituent of ribosome,GO:0019843~rRNA binding,	IPR002222:Ribosomal protein S19/S15,IPR005732:Ribosomal protein S19, bacterial-type,IPR020934:Ribosomal protein S19 conserved site,IPR023575:Ribosomal protein S19, superfamily,	PIRSF002144:ribosomal protein, S19p/S19a/S15e/organellar S19 types,						KW-0687~Ribonucleoprotein,KW-0689~Ribosomal protein,KW-0694~RNA-binding,KW-0699~rRNA-binding,			
SMc01295	30S ribosomal protein S8(rpsH)	Sinorhizobium meliloti 2011	GO:0006412~translation,	GO:0005840~ribosome,	GO:0003735~structural constituent of ribosome,GO:0019843~rRNA binding,	IPR000630:Ribosomal protein S8,							KW-0687~Ribonucleoprotein,KW-0689~Ribosomal protein,KW-0694~RNA-binding,KW-0699~rRNA-binding,			
SMc01319	50S ribosomal protein L10(rplJ)	Sinorhizobium meliloti 2011	GO:0006412~translation,GO:0042254~ribosome biogenesis,	GO:0015934~large ribosomal subunit,	GO:0003735~structural constituent of ribosome,GO:0070180~large ribosomal subunit rRNA binding,	IPR001790:Ribosomal protein L10/acidic P0,IPR002363:Ribosomal protein L10, eubacterial, conserved site,IPR022973:Ribosomal protein L10,							KW-0687~Ribonucleoprotein,KW-0689~Ribosomal protein,KW-0694~RNA-binding,KW-0699~rRNA-binding,			
SMc01321	50S ribosomal protein L11(rplK)	Sinorhizobium meliloti 2011	GO:0006412~translation,	GO:0005840~ribosome,	GO:0003735~structural constituent of ribosome,GO:0070180~large ribosomal subunit rRNA binding,	IPR000911:Ribosomal protein L11,IPR006519:Ribosomal protein L11, bacterial-type,IPR020783:Ribosomal protein L11, C-terminal,IPR020784:Ribosomal protein L11, N-terminal,		SM00649:RL11,					KW-0687~Ribonucleoprotein,KW-0689~Ribosomal protein,KW-0694~RNA-binding,KW-0699~rRNA-binding,	KW-0488~Methylation,	DOMAIN:Ribosomal_L11,DOMAIN:Ribosomal_L11_N,	
SMc01283	50S ribosomal protein L17(rplQ)	Sinorhizobium meliloti 2011	GO:0006412~translation,	GO:0005840~ribosome,	GO:0003735~structural constituent of ribosome,	IPR000456:Ribosomal protein L17,							KW-0687~Ribonucleoprotein,KW-0689~Ribosomal protein,			
SMc01293	50S ribosomal protein L18(rplR)	Sinorhizobium meliloti 2011	GO:0006412~translation,	GO:0005840~ribosome,	GO:0003735~structural constituent of ribosome,GO:0019843~rRNA binding,	IPR004389:Ribosomal protein L18, bacterial-type,IPR005484:Ribosomal protein L18/L5,							KW-0687~Ribonucleoprotein,KW-0689~Ribosomal protein,KW-0694~RNA-binding,KW-0699~rRNA-binding,			
SMc01307	50S ribosomal protein L23(SM2011_RS21250)	Sinorhizobium meliloti 2011	GO:0006412~translation,	GO:0005840~ribosome,	GO:0003735~structural constituent of ribosome,GO:0019843~rRNA binding,	IPR012677:Nucleotide-binding, alpha-beta plait,IPR012678:Ribosomal protein L23/L15e core domain,IPR013025:Ribosomal protein L25/L23,							KW-0687~Ribonucleoprotein,KW-0689~Ribosomal protein,KW-0694~RNA-binding,KW-0699~rRNA-binding,			
SMc02692	50S ribosomal protein L25/general stress protein Ctc(SM2011_RS26360)	Sinorhizobium meliloti 2011	GO:0006412~translation,	GO:0005840~ribosome,	GO:0003735~structural constituent of ribosome,GO:0008097~5S rRNA binding,	IPR001021:Ribosomal protein L25, long-form,IPR011035:Ribosomal protein L25/Gln-tRNA synthetase, anti-codon-binding domain,IPR020056:Ribosomal protein L25/Gln-tRNA synthetase, beta-barrel domain,IPR020057:Ribosomal protein L25, beta domain,							KW-0687~Ribonucleoprotein,KW-0689~Ribosomal protein,KW-0694~RNA-binding,KW-0699~rRNA-binding,		DOMAIN:Ribosomal_TL5_C,REGION:Disordered,	
SMc01301	50S ribosomal protein L29(rpmC)	Sinorhizobium meliloti 2011	GO:0006412~translation,	GO:0005840~ribosome,	GO:0003735~structural constituent of ribosome,	IPR001854:Ribosomal protein L29,IPR018254:Ribosomal protein L29, conserved site,					KW-0175~Coiled coil,		KW-0687~Ribonucleoprotein,KW-0689~Ribosomal protein,			
SMc01309	50S ribosomal protein L3(rplC)	Sinorhizobium meliloti 2011	GO:0006412~translation,	GO:0005840~ribosome,	GO:0003735~structural constituent of ribosome,GO:0019843~rRNA binding,	IPR000597:Ribosomal protein L3,IPR009000:Translation elongation/initiation factor/Ribosomal, beta-barrel,IPR019926:Ribosomal protein L3, conserved site,IPR019927:Ribosomal protein L3, bacterial/organelle-type,							KW-0687~Ribonucleoprotein,KW-0689~Ribosomal protein,KW-0694~RNA-binding,KW-0699~rRNA-binding,	KW-0488~Methylation,		
SMc01291	50S ribosomal protein L30(rpmD)	Sinorhizobium meliloti 2011	GO:0006412~translation,	GO:0015934~large ribosomal subunit,	GO:0003735~structural constituent of ribosome,	IPR005996:Ribosomal protein L30, bacterial-type,IPR016082:Ribosomal protein L30, ferredoxin-like fold domain,	PIRSF002211:ribosomal protein L30p,						KW-0687~Ribonucleoprotein,KW-0689~Ribosomal protein,		DOMAIN:Ribosomal_L30,	
SMc01297	50S ribosomal protein L5(rplE)	Sinorhizobium meliloti 2011	GO:0006412~translation,	GO:0005840~ribosome,	GO:0000049~tRNA binding,GO:0003735~structural constituent of ribosome,GO:0019843~rRNA binding,	IPR002132:Ribosomal protein L5,IPR020929:Ribosomal protein L5, conserved site,IPR020930:Ribosomal protein L5, bacterial-type,IPR022803:Ribosomal protein L5 domain,	PIRSF002161:ribosomal protein, L5p/L5a/L11e/organellar L5 types,						KW-0687~Ribonucleoprotein,KW-0689~Ribosomal protein,KW-0694~RNA-binding,KW-0699~rRNA-binding,KW-0820~tRNA-binding,		DOMAIN:Ribosomal_L5,DOMAIN:Ribosomal_L5_C,	
SMc00565	50S ribosomal protein L9(rplI)	Sinorhizobium meliloti 2011	GO:0006412~translation,	GO:0005840~ribosome,	GO:0003735~structural constituent of ribosome,GO:0019843~rRNA binding,	IPR000244:Ribosomal protein L9,IPR009027:Ribosomal protein L9/RNase H1, N-terminal,IPR020069:Ribosomal protein L9, C-terminal,IPR020070:Ribosomal protein L9, N-terminal,IPR020594:Ribosomal protein L9, bacteria/chloroplast,							KW-0687~Ribonucleoprotein,KW-0689~Ribosomal protein,KW-0694~RNA-binding,KW-0699~rRNA-binding,		DOMAIN:RIBOSOMAL_L9,REGION:Disordered,	
SMc00147	AB hydrolase-1 domain-containing protein(SMc00147)	Sinorhizobium meliloti 1021				IPR000073:Alpha/beta hydrolase fold-1,									DOMAIN:AB hydrolase-1,	
SMc04288	ABC transporter ATP-binding protein(SM2011_RS24295)	Sinorhizobium meliloti 2011	GO:0015833~peptide transport,	GO:0005886~plasma membrane,	GO:0005524~ATP binding,GO:0042626~ATPase activity, coupled to transmembrane movement of substances,	IPR003439:ABC transporter-like,IPR003593:AAA+ ATPase domain,IPR013563:Oligopeptide/dipeptide ABC transporter, C-terminal,IPR017871:ABC transporter, conserved site,IPR027417:P-loop containing nucleoside triphosphate hydrolase,		SM00382:AAA,							DOMAIN:ABC transporter,NP_BIND:ATP,	
SMc04300	ABC transporter ATP-binding protein(SM2011_RS24835)	Sinorhizobium meliloti 2011			GO:0005524~ATP binding,GO:0042626~ATPase activity, coupled to transmembrane movement of substances,	IPR003439:ABC transporter-like,IPR003593:AAA+ ATPase domain,IPR017871:ABC transporter, conserved site,IPR027417:P-loop containing nucleoside triphosphate hydrolase,		SM00382:AAA,	KW-0813~Transport,	KW-0472~Membrane,KW-1003~Cell membrane,					DOMAIN:ABC transporter,NP_BIND:ATP,	
SMa0863	ABC transporter permease(SM2011_RS02390)	Sinorhizobium meliloti 2011	GO:0015772~oligosaccharide transport,	GO:0043190~ATP-binding cassette (ABC) transporter complex,	GO:0022857~transmembrane transporter activity,	IPR000412:ABC-2,IPR005981:ABC-2 type transporter, NodJ,IPR013525:ABC-2 type transporter,	PIRSF006648:ABC-type transport system, permease component, DrrB type,		KW-0536~Nodulation,KW-0813~Transport,	KW-0472~Membrane,KW-0997~Cell inner membrane,KW-1003~Cell membrane,	KW-0812~Transmembrane,KW-1133~Transmembrane helix,				DOMAIN:ABC transmembrane type-2,TRANSMEM:Helical,	
SMa1379	ABC transporter substrate-binding protein(SM2011_RS03805)	Sinorhizobium meliloti 2011	GO:0055085~transmembrane transport,	GO:0042597~periplasmic space,GO:0043190~ATP-binding cassette (ABC) transporter complex,		IPR000914:Bacterial extracellular solute-binding protein, family 5,IPR023765:Bacterial extracellular solute-binding protein, family 5, conserved site,	PIRSF002741:peptide binding protein, MppA type,			KW-0574~Periplasm,	KW-0732~Signal,				DOMAIN:SBP_bac_5,	
SMa2000	ABC transporter substrate-binding protein(SM2011_RS05520)	Sinorhizobium meliloti 2011				IPR025997:Periplasmic binding protein domain,					KW-0732~Signal,				DOMAIN:Peripla_BP_4,	
SMc04293	ABC transporter substrate-binding protein(SM2011_RS24305)	Sinorhizobium meliloti 2011	GO:0055085~transmembrane transport,	GO:0042597~periplasmic space,GO:0043190~ATP-binding cassette (ABC) transporter complex,		IPR000914:Bacterial extracellular solute-binding protein, family 5,IPR023765:Bacterial extracellular solute-binding protein, family 5, conserved site,	PIRSF002741:peptide binding protein, MppA type,			KW-0574~Periplasm,	KW-0732~Signal,				DOMAIN:SBP_bac_5,	
SM_b21274	ABC transporter, permease(SM_b21274)	Sinorhizobium meliloti 1021	GO:0055085~transmembrane transport,	GO:0005886~plasma membrane,GO:0016021~integral component of membrane,		IPR000515:Binding-protein-dependent transport systems inner membrane component,			KW-0813~Transport,	KW-0472~Membrane,					DOMAIN:ABC transmembrane type-1,TRANSMEM:Helical,	
SMc02575	ATP-dependent protease subunit HslV(hslV)	Sinorhizobium meliloti 1021	GO:0051603~proteolysis involved in cellular protein catabolic process,	GO:0005839~proteasome core complex,GO:0009376~HslUV protease complex,	GO:0004298~threonine-type endopeptidase activity,GO:0046872~metal ion binding,	IPR001353:Proteasome, subunit alpha/beta,IPR022281:ATP-dependent protease, HslV subunit,IPR023333:Proteasome B-type subunit,				KW-0963~Cytoplasm,		KW-0479~Metal-binding,KW-0915~Sodium,	KW-0021~Allosteric enzyme,KW-0378~Hydrolase,KW-0645~Protease,KW-0888~Threonine protease,		METAL:Sodium	 via carbonyl oxygen,
SMc00277	Aminotran_5 domain-containing protein(SMc00277)	Sinorhizobium meliloti 1021			GO:0003824~catalytic activity,	IPR000192:Aminotransferase, class V/Cysteine desulfurase,IPR015421:Pyridoxal phosphate-dependent transferase, major region, subdomain 1,IPR015422:Pyridoxal phosphate-dependent transferase, major region, subdomain 2,IPR015424:Pyridoxal phosphate-dependent transferase,						KW-0663~Pyridoxal phosphate,			DOMAIN:Aminotran_5,	
SMc02243	CAP domain-containing protein(SM2011_RS17085)	Sinorhizobium meliloti 2011		GO:0016021~integral component of membrane,		IPR014044:CAP domain,				KW-0472~Membrane,	KW-0812~Transmembrane,KW-1133~Transmembrane helix,				DOMAIN:SCP,TRANSMEM:Helical,	
SM_b20705	DMT family transporter(SM2011_RS13525)	Sinorhizobium meliloti 2011		GO:0016021~integral component of membrane,		IPR000620:Drug/metabolite transporter,				KW-0472~Membrane,	KW-0812~Transmembrane,KW-1133~Transmembrane helix,				DOMAIN:EamA,TRANSMEM:Helical,	
SM_b20705	DMT transporter permease(C770_RS26765)	Sinorhizobium meliloti GR4		GO:0016021~integral component of membrane,		IPR000620:Drug/metabolite transporter,				KW-0472~Membrane,	KW-0812~Transmembrane,KW-1133~Transmembrane helix,				DOMAIN:EamA,TRANSMEM:Helical,	
SMc00821	DUF1127 domain-containing protein(SM2011_RS18225)	Sinorhizobium meliloti 2011		GO:0016021~integral component of membrane,		IPR009506:Protein of unknown function DUF1127,				KW-0472~Membrane,	KW-0812~Transmembrane,KW-1133~Transmembrane helix,				REGION:Disordered,TRANSMEM:Helical,	
SMc00986	DUF1217 domain-containing protein(SM2011_RS18725)	Sinorhizobium meliloti 2011				IPR010626:Protein of unknown function DUF1217,IPR023157:AGR-C-984p-like domain,										
SMc01848	DUF3419 family protein(SM2011_RS25550)	Sinorhizobium meliloti 2011			GO:0016740~transferase activity,	IPR021829:Protein of unknown function DUF3419,							KW-0808~Transferase,			
SM_b21438	DctP family TRAP transporter solute-binding subunit(SM2011_RS12830)	Sinorhizobium meliloti 2011	GO:0055085~transmembrane transport,	GO:0030288~outer membrane-bounded periplasmic space,		IPR004682:TRAP dicarboxylate transporter,IPR018389:Tripartite ATP-independent periplasmic transporter,	PIRSF006470:C4-dicarboxylate binding protein, DctB type,				KW-0732~Signal,					
SMc00887	EAL domain-containing protein(SM2011_RS18480)	Sinorhizobium meliloti 2011				IPR000160:GGDEF domain,IPR001633:Diguanylate phosphodiesterase, EAL domain,		SM00052:DUF2,SM00267:DUF1,							DOMAIN:EAL,DOMAIN:GGDEF,REGION:Disordered,	
SMc01312	Elongation factor G(fusA)	Sinorhizobium meliloti 1021		GO:0005737~cytoplasm,	GO:0003746~translation elongation factor activity,GO:0003924~GTPase activity,GO:0005525~GTP binding,	IPR000640:Translation elongation factor EFG, V domain,IPR000795:Elongation factor, GTP-binding domain,IPR004161:Translation elongation factor EFTu/EF1A, domain 2,IPR004540:Translation elongation factor EFG/EF2,IPR005225:Small GTP-binding protein domain,IPR005517:Translation elongation factor EFG/EF2, domain IV,IPR009000:Translation elongation/initiation factor/Ribosomal, beta-barrel,IPR009022:Elongation factor G, III-V domain,IPR014721:Ribosomal protein S5 domain 2-type fold, subgroup,IPR020568:Ribosomal protein S5 domain 2-type fold,IPR027417:P-loop containing nucleoside triphosphate hydrolase,		SM00838:SM00838,SM00889:SM00889,	KW-0648~Protein biosynthesis,	KW-0963~Cytoplasm,		KW-0342~GTP-binding,KW-0547~Nucleotide-binding,	KW-0251~Elongation factor,		DOMAIN:tr-type G,NP_BIND:GTP,	
SMc02501	F0F1 ATP synthase subunit beta(atpD)	Sinorhizobium meliloti 2011		GO:0005886~plasma membrane,GO:0045261~proton-transporting ATP synthase complex, catalytic core F(1),	GO:0005524~ATP binding,GO:0016787~hydrolase activity,GO:0046933~proton-transporting ATP synthase activity, rotational mechanism,GO:0046961~proton-transporting ATPase activity, rotational mechanism,	IPR000194:ATPase, F1/V1/A1 complex, alpha/beta subunit, nucleotide-binding domain,IPR003593:AAA+ ATPase domain,IPR004100:ATPase, alpha/beta subunit, N-terminal,IPR005722:ATPase, F1 complex, beta subunit,IPR020003:ATPase, alpha/beta subunit, nucleotide-binding domain, active site,IPR024034:ATPase, F1 complex beta subunit/V1 complex, C-terminal,IPR027417:P-loop containing nucleoside triphosphate hydrolase,		SM00382:AAA,	KW-0066~ATP synthesis,KW-0375~Hydrogen ion transport,KW-0406~Ion transport,KW-0813~Transport,	KW-0139~CF(1),KW-0472~Membrane,KW-0997~Cell inner membrane,KW-1003~Cell membrane,		KW-0067~ATP-binding,KW-0547~Nucleotide-binding,	KW-0378~Hydrolase,KW-1278~Translocase,		DOMAIN:AAA,NP_BIND:ATP,REGION:Disordered,	
SMc03773	GNAT family N-acetyltransferase(SM2011_RS30485)	Sinorhizobium meliloti 2011			GO:0008080~N-acetyltransferase activity,	IPR000182:GNAT domain,IPR016181:Acyl-CoA N-acyltransferase,							KW-0808~Transferase,		COMPBIAS:Basic and acidic residues,DOMAIN:N-acetyltransferase,REGION:Disordered,	
SMc02443	Glutaredoxin(grxC)	Sinorhizobium meliloti 1021	GO:0045454~cell redox homeostasis,	GO:0005737~cytoplasm,	GO:0015035~protein disulfide oxidoreductase activity,	IPR002109:Glutaredoxin,IPR011900:Glutaredoxin, GrxC,IPR014025:Glutaredoxin subgroup,			KW-0249~Electron transport,KW-0813~Transport,	KW-0963~Cytoplasm,	KW-0676~Redox-active center,				DOMAIN:Glutaredoxin,	
SMc01106	Hsp20 family protein(SM2011_RS16420)	Sinorhizobium meliloti 2011				IPR002068:Alpha crystallin/Hsp20 domain,IPR008978:HSP20-like chaperone,			KW-0346~Stress response,						DOMAIN:SHSP,	
SM_b21294	Hsp20/alpha crystallin family protein(SM2011_RS10620)	Sinorhizobium meliloti 2011				IPR002068:Alpha crystallin/Hsp20 domain,IPR008978:HSP20-like chaperone,			KW-0346~Stress response,						DOMAIN:SHSP,	
SMc02376	Hsp70 family protein(SM2011_RS19570)	Sinorhizobium meliloti 2011			GO:0005524~ATP binding,GO:0016887~ATPase activity,	IPR013126:Heat shock protein 70 family,IPR018181:Heat shock protein 70, conserved site,			KW-0346~Stress response,			KW-0067~ATP-binding,KW-0547~Nucleotide-binding,				
SM_b21257	Hypothetical adenylate cyclase, truncated protein(SM_b21257)	Sinorhizobium meliloti 1021													COMPBIAS:Basic and acidic residues,REGION:Disordered,	
SMc03968	LLM class flavin-dependent oxidoreductase(SM2011_RS28395)	Sinorhizobium meliloti 2011			GO:0016705~oxidoreductase activity, acting on paired donors, with incorporation or reduction of molecular oxygen,	IPR011251:Luciferase-like domain,IPR019949:Luciferase family oxidoreductase, group 1,							KW-0560~Oxidoreductase,		DOMAIN:Bac_luciferase,	
SMc03824	MarR family transcriptional regulator(SM2011_RS30740)	Sinorhizobium meliloti 2011			GO:0003700~transcription factor activity, sequence-specific DNA binding,	IPR000835:Transcription regulator HTH, MarR-type,IPR023187:Transcriptional regulator MarR-type, conserved site,		SM00347:HTH_MARR,							DOMAIN:HTH marR-type,	
SMc03157	MetQ/NlpA family ABC transporter substrate-binding protein(SM2011_RS29075)	Sinorhizobium meliloti 2011		GO:0016020~membrane,		IPR004872:Lipoprotein NlpA family,	PIRSF002854:D-methionine binding lipoprotein, MetQ type,			KW-0472~Membrane,	KW-0732~Signal,			KW-0449~Lipoprotein,		
SMc03168	Multidrug resistance efflux system(SMc03168)	Sinorhizobium meliloti 1021	GO:0055085~transmembrane transport,	GO:0016021~integral component of membrane,						KW-0472~Membrane,	KW-0175~Coiled coil,KW-0812~Transmembrane,KW-1133~Transmembrane helix,				DOMAIN:HlyD,DOMAIN:HlyD_D23,REGION:Disordered,TRANSMEM:Helical,	
SMc04452	NAD(P)/FAD-dependent oxidoreductase(SM2011_RS24970)	Sinorhizobium meliloti 2011		GO:0016021~integral component of membrane,	GO:0003954~NADH dehydrogenase activity,GO:0016491~oxidoreductase activity,	IPR023753:Pyridine nucleotide-disulphide oxidoreductase, FAD/NAD(P)-binding domain,				KW-0472~Membrane,	KW-0812~Transmembrane,	KW-0830~Ubiquinone,	KW-0560~Oxidoreductase,		DOMAIN:Pyr_redox_2,	
SM_b21505	O-antigen ligase family protein(SM2011_RS13155)	Sinorhizobium meliloti 2011		GO:0016021~integral component of membrane,		IPR007016:O-antigen ligase-related,				KW-0472~Membrane,	KW-0812~Transmembrane,KW-1133~Transmembrane helix,				TRANSMEM:Helical,	
SMc00975	Probable chemoreceptor (Methyl-accepting chemotaxis) transmembrane protein(mcpU)	Sinorhizobium meliloti 1021	GO:0007165~signal transduction,	GO:0005886~plasma membrane,GO:0016021~integral component of membrane,		IPR003660:HAMP linker domain,IPR004089:Methyl-accepting chemotaxis protein (MCP) signalling domain,		SM00283:MA,SM00304:HAMP,		KW-0472~Membrane,KW-1003~Cell membrane,	KW-0175~Coiled coil,KW-0812~Transmembrane,		KW-0675~Receptor,KW-0807~Transducer,		DOMAIN:HAMP,DOMAIN:Methyl-accepting transducer,REGION:Disordered,TRANSMEM:Helical,	
SM_b21281	Putative integral membrane transporter protein,xanthineuracil permeases family(SM_b21281)	Sinorhizobium meliloti 1021		GO:0005886~plasma membrane,GO:0016021~integral component of membrane,	GO:0015205~nucleobase transmembrane transporter activity,	IPR006043:Xanthine/uracil/vitamin C permease,IPR026033:Purine permease PbuG-like,	PIRSF005353:guanine/hypoxanthine permease,		KW-0813~Transport,	KW-0472~Membrane,KW-1003~Cell membrane,	KW-0812~Transmembrane,				TRANSMEM:Helical,	
SMc02868	Putative multidrug efflux system(SMc02868)	Sinorhizobium meliloti 1021		GO:0016020~membrane,	GO:0022857~transmembrane transporter activity,	IPR006143:RND efflux pump, membrane fusion protein,					KW-0175~Coiled coil,				DOMAIN:HlyD,DOMAIN:HlyD_D23,REGION:Disordered,	
SMc02040	Putative oxidoreductase(SMc02040)	Sinorhizobium meliloti 1021			GO:0016491~oxidoreductase activity,	IPR002347:Glucose/ribitol dehydrogenase,IPR020904:Short-chain dehydrogenase/reductase, conserved site,							KW-0560~Oxidoreductase,		REGION:Disordered,	
SMc02172	ROK family transcriptional regulator(SM2011_RS16725)	Sinorhizobium meliloti 2011				IPR000600:ROK,							KW-0418~Kinase,KW-0808~Transferase,		REGION:Disordered,	
SMc02470	ROK family transcriptional regulator(SM2011_RS29995)	Sinorhizobium meliloti 2011			GO:0016301~kinase activity,	IPR000600:ROK,							KW-0418~Kinase,KW-0808~Transferase,			
SMa2408	Rhizobactin siderophore biosynthesis protein RhbE(rhbE)	Sinorhizobium meliloti 1021	GO:0019289~rhizobactin 1021 biosynthetic process,		GO:0016491~oxidoreductase activity,	IPR025700:L-lysine 6-monooxygenase/L-ornithine 5-monooxygenase,						KW-0274~FAD,KW-0285~Flavoprotein,KW-0521~NADP,	KW-0560~Oxidoreductase,		NP_BIND:FAD,	
SMa2337	RhtX rhizobactin transporter(rhtX)	Sinorhizobium meliloti 1021		GO:0016021~integral component of membrane,	GO:0008521~acetyl-CoA transporter activity,	IPR004752:AmpG-like permease/Acetyl-coenzyme A transporter 1,IPR014090:Siderophore transporter, RhtX/FptX family,IPR024371:Acetyl-coenzyme A transporter 1,				KW-0472~Membrane,	KW-0812~Transmembrane,				TRANSMEM:Helical,	
SMc01720	Ribonuclease P protein component(rnpA)	Sinorhizobium meliloti 1021	GO:0001682~tRNA 5'-leader removal,		GO:0000049~tRNA binding,GO:0004526~ribonuclease P activity,	IPR000100:Ribonuclease P,IPR014721:Ribosomal protein S5 domain 2-type fold, subgroup,IPR020568:Ribosomal protein S5 domain 2-type fold,			KW-0819~tRNA processing,				KW-0255~Endonuclease,KW-0378~Hydrolase,KW-0540~Nuclease,KW-0694~RNA-binding,			
SMc03045	SLT domain-containing protein(SMc03045)	Sinorhizobium meliloti 1021				IPR008258:Lytic transglycosylase-like, catalytic,IPR023346:Lysozyme-like domain,					KW-0732~Signal,				DOMAIN:SLT,	
SM_b20347	TetR family transcriptional regulator(SM2011_RS08265)	Sinorhizobium meliloti 2011			GO:0003677~DNA binding,	IPR001647:DNA-binding HTH domain, TetR-type,IPR009057:Homeodomain-like,							KW-0238~DNA-binding,		DNA_BIND:H-T-H motif,DOMAIN:HTH tetR-type,	
SMa2414	TonB-dependent receptor(SM2011_RS06415)	Sinorhizobium meliloti 2011	GO:0055072~iron ion homeostasis,	GO:0009279~cell outer membrane,GO:0016021~integral component of membrane,	GO:0015344~siderophore uptake transmembrane transporter activity,GO:0038023~signaling receptor activity,	IPR000531:TonB-dependent receptor, beta-barrel,IPR010105:TonB-dependent siderophore receptor,IPR012910:TonB-dependent receptor, plug,			KW-0406~Ion transport,KW-0410~Iron transport,KW-0813~Transport,	KW-0472~Membrane,KW-0998~Cell outer membrane,	KW-0732~Signal,KW-0798~TonB box,KW-0812~Transmembrane,KW-1134~Transmembrane beta strand,	KW-0408~Iron,	KW-0675~Receptor,		MOTIF:TonB C-terminal box,MOTIF:TonB box,	
SMc02890	TonB-dependent receptor(SM2011_RS15420)	Sinorhizobium meliloti 2011		GO:0009279~cell outer membrane,		IPR000531:TonB-dependent receptor, beta-barrel,IPR012910:TonB-dependent receptor, plug,				KW-0472~Membrane,KW-0998~Cell outer membrane,	KW-0732~Signal,KW-0798~TonB box,		KW-0675~Receptor,		DOMAIN:Plug,DOMAIN:TonB_dep_Rec,	
SMa1747	TonB-dependent siderophore receptor(SMa1747)	Sinorhizobium meliloti 1021		GO:0009279~cell outer membrane,	GO:0015344~siderophore uptake transmembrane transporter activity,GO:0038023~signaling receptor activity,	IPR000531:TonB-dependent receptor, beta-barrel,IPR010105:TonB-dependent siderophore receptor,IPR012910:TonB-dependent receptor, plug,				KW-0472~Membrane,KW-0998~Cell outer membrane,	KW-0732~Signal,KW-0798~TonB box,		KW-0675~Receptor,		DOMAIN:Plug,DOMAIN:TonB_dep_Rec,	
SMc04059	VWA domain-containing protein(SM2011_RS28845)	Sinorhizobium meliloti 2011				IPR002035:von Willebrand factor, type A,		SM00327:VWA,							DOMAIN:VWFA,	
SMc00467	YcjX family protein(SM2011_RS23590)	Sinorhizobium meliloti 2011				IPR007413:Protein of unknown function DUF463, YcjX-like protein,	PIRSF019381:heat shock protein YcjX,									
SMc02582	YkuD domain-containing protein(SMc02582)	Sinorhizobium meliloti 1021	GO:0009252~peptidoglycan biosynthetic process,		GO:0016740~transferase activity,	IPR005490:L,D-transpeptidase catalytic domain,							KW-0808~Transferase,		DOMAIN:YkuD,	
SMc02229	acyl-CoA dehydrogenase C-terminal domain-containing protein(SM2011_RS17020)	Sinorhizobium meliloti 2011			GO:0004085~butyryl-CoA dehydrogenase activity,GO:0016627~oxidoreductase activity, acting on the CH-CH group of donors,GO:0050660~flavin adenine dinucleotide binding,	IPR006091:Acyl-CoA oxidase/dehydrogenase, central domain,IPR009075:Acyl-CoA dehydrogenase/oxidase C-terminal,IPR009100:Acyl-CoA dehydrogenase/oxidase,IPR013786:Acyl-CoA dehydrogenase/oxidase, N-terminal,IPR020953:Acyl-CoA dehydrogenase, N-terminal, bacteria,IPR025878:Acetyl-CoA dehydrogenase-like C-terminal domain,						KW-0274~FAD,			DOMAIN:Acyl-CoA_dh_1,DOMAIN:Acyl-CoA_dh_C,DOMAIN:Acyl-CoA_dh_M,DOMAIN:Acyl-CoA_dh_N,DOMAIN:AcylCoA_DH_N,	
SMc01169	alanine dehydrogenase(ald)	Sinorhizobium meliloti 2011	GO:0042853~L-alanine catabolic process,		GO:0000166~nucleotide binding,GO:0000286~alanine dehydrogenase activity,	IPR007698:Alanine dehydrogenase/PNT, NAD(H)-binding domain,IPR007886:Alanine dehydrogenase/pyridine nucleotide transhydrogenase, N-terminal,IPR008141:Alanine dehydrogenase/pyridine nucleotide transhydrogenase,IPR008143:Alanine dehydrogenase/pyridine nucleotide transhydrogenase, conserved site-2,	PIRSF000183:alanine dehydrogenase,	SM01002:SM01002,SM01003:SM01003,				KW-0520~NAD,KW-0547~Nucleotide-binding,			ACT_SITE:Proton donor/acceptor,BINDING:NAD,BINDING:Substrate,DOMAIN:AlaDh_PNT_C,DOMAIN:AlaDh_PNT_N,NP_BIND:NAD,	
SMa0101	amidohydrolase(SM2011_RS00270)	Sinorhizobium meliloti 2011			GO:0016810~hydrolase activity, acting on carbon-nitrogen (but not peptide) bonds,	IPR011059:Metal-dependent hydrolase, composite domain,IPR013108:Amidohydrolase 3,							KW-0378~Hydrolase,		DOMAIN:Amidohydro_3,	
SMc02061	biotin transport regulator(SM2011_RS22145)	Sinorhizobium meliloti 2011							KW-0804~Transcription,KW-0805~Transcription regulation,						REGION:Disordered,	
SMc00913	chaperonin GroEL(groL)	Sinorhizobium meliloti 2011	GO:0042026~protein refolding,	GO:0005737~cytoplasm,	GO:0005524~ATP binding,GO:0016887~ATPase activity,GO:0051082~unfolded protein binding,	IPR001844:Chaperonin Cpn60,IPR002423:Chaperonin Cpn60/TCP-1,IPR018370:Chaperonin Cpn60, conserved site,IPR027409:GroEL-like apical domain,IPR027410:TCP-1-like chaperonin intermediate domain,IPR027413:GroEL-like equatorial domain,			KW-0346~Stress response,	KW-0963~Cytoplasm,	KW-0175~Coiled coil,	KW-0067~ATP-binding,KW-0547~Nucleotide-binding,	KW-0143~Chaperone,KW-0413~Isomerase,		BINDING:ATP,BINDING:ATP	 via amide nitrogen,NP_BIND:ATP,
SMc03012	chemoreceptor glutamine deamidase CheD(cheD)	Sinorhizobium meliloti 2011	GO:0006935~chemotaxis,		GO:0050568~protein-glutamine glutaminase activity,	IPR005659:Chemoreceptor glutamine deamidase CheD,IPR011324:Cytotoxic necrotizing factor-like, catalytic,			KW-0145~Chemotaxis,				KW-0378~Hydrolase,KW-0675~Receptor,			
SMc03008	chemotaxis protein CheW(SM2011_RS17565)	Sinorhizobium meliloti 2011	GO:0006935~chemotaxis,GO:0007165~signal transduction,	GO:0005737~cytoplasm,		IPR002545:CheW-like protein,		SM00260:CheW,	KW-0145~Chemotaxis,	KW-0963~Cytoplasm,					DOMAIN:CheW-like,	
SMc03043	chemotaxis protein MotC(SM2011_RS17740)	Sinorhizobium meliloti 2011	GO:0006935~chemotaxis,GO:0097588~archaeal or bacterial-type flagellum-dependent cell motility,	GO:0042597~periplasmic space,					KW-0145~Chemotaxis,KW-0283~Flagellar rotation,	KW-0574~Periplasm,	KW-0732~Signal,				REGION:Disordered,	
SMa0866	chitooligosaccharide synthase NodC(nodC)	Sinorhizobium meliloti 2011		GO:0005886~plasma membrane,GO:0016021~integral component of membrane,	GO:0016757~transferase activity, transferring glycosyl groups,	IPR001173:Glycosyl transferase, family 2,IPR026463:Chitooligosaccharide synthase NodC,			KW-0536~Nodulation,	KW-0472~Membrane,KW-1003~Cell membrane,	KW-0812~Transmembrane,KW-1133~Transmembrane helix,		KW-0328~Glycosyltransferase,KW-0808~Transferase,		COMPBIAS:Polar residues,DOMAIN:Glyco_trans_2-like,REGION:Disordered,TRANSMEM:Helical,	
SMa2347	class I SAM-dependent methyltransferase(SM2011_RS06445)	Sinorhizobium meliloti 2011	GO:0032259~methylation,		GO:0008168~methyltransferase activity,								KW-0489~Methyltransferase,KW-0808~Transferase,		DOMAIN:Methyltransf_25,	
SMa0745	co-chaperone GroES(groES)	Sinorhizobium meliloti 2011	GO:0006457~protein folding,	GO:0005737~cytoplasm,	GO:0005524~ATP binding,GO:0016887~ATPase activity,	IPR011032:GroES-like,IPR018369:Chaperonin Cpn10, conserved site,IPR020818:Chaperonin Cpn10,		SM00883:SM00883,	KW-0346~Stress response,	KW-0963~Cytoplasm,			KW-0143~Chaperone,			
SM_b22023	co-chaperone GroES(groES)	Sinorhizobium meliloti 2011	GO:0006457~protein folding,	GO:0005737~cytoplasm,	GO:0005524~ATP binding,GO:0016887~ATPase activity,	IPR011032:GroES-like,IPR018369:Chaperonin Cpn10, conserved site,IPR020818:Chaperonin Cpn10,		SM00883:SM00883,	KW-0346~Stress response,	KW-0963~Cytoplasm,			KW-0143~Chaperone,			
SMa2400	diaminobutyrate--2-oxoglutarate transaminase(rhbA)	Sinorhizobium meliloti 2011	GO:0019289~rhizobactin 1021 biosynthetic process,		GO:0030170~pyridoxal phosphate binding,GO:0045303~diaminobutyrate-2-oxoglutarate transaminase activity,	IPR004637:2,4-diaminobutyrate 4-transaminase,IPR005814:Aminotransferase class-III,IPR015421:Pyridoxal phosphate-dependent transferase, major region, subdomain 1,IPR015422:Pyridoxal phosphate-dependent transferase, major region, subdomain 2,IPR015424:Pyridoxal phosphate-dependent transferase,	PIRSF000521:4-aminobutyrate/lysine/ornithine transaminase,					KW-0663~Pyridoxal phosphate,	KW-0032~Aminotransferase,KW-0808~Transferase,			
SMc02100	elongation factor Ts(SM2011_RS21950)	Sinorhizobium meliloti 2011		GO:0005737~cytoplasm,	GO:0003746~translation elongation factor activity,	IPR001816:Translation elongation factor EFTs/EF1B,IPR009060:UBA-like,IPR014039:Translation elongation factor EFTs/EF1B, dimerisation,IPR018101:Translation elongation factor Ts, conserved site,			KW-0648~Protein biosynthesis,	KW-0963~Cytoplasm,			KW-0251~Elongation factor,		DOMAIN:EF_TS,REGION:Involved in Mg(2+) ion dislocation from EF-Tu,	
SM_b21221	extracellular solute-binding protein(SM2011_RS10270)	Sinorhizobium meliloti 2011		GO:0042597~periplasmic space,		IPR006059:Bacterial extracellular solute-binding, family 1,			KW-0813~Transport,	KW-0574~Periplasm,	KW-0732~Signal,					
SMa5031	ferredoxin(C770_RS21970)	Sinorhizobium meliloti GR4			GO:0009055~electron carrier activity,GO:0051536~iron-sulfur cluster binding,	IPR001041:2Fe-2S ferredoxin-type domain,							KW-0560~Oxidoreductase,			
SMc03034	flagellar basal body L-ring protein FlgH(SM2011_RS17695)	Sinorhizobium meliloti 2011	GO:0071973~bacterial-type flagellum-dependent cell motility,	GO:0009279~cell outer membrane,GO:0009427~bacterial-type flagellum basal body, distal rod, L ring,	GO:0003774~motor activity,	IPR000527:Flagellar L-ring protein,				KW-0282~Flagellum,KW-0472~Membrane,KW-0966~Cell projection,KW-0969~Cilium,KW-0975~Bacterial flagellum,KW-0998~Cell outer membrane,	KW-0732~Signal,			KW-0449~Lipoprotein,KW-0564~Palmitate,	COMPBIAS:Polar residues,LIPID:N-palmitoyl cysteine,LIPID:S-diacylglycerol cysteine,REGION:Disordered,	
SMc03032	flagellar basal body P-ring protein FlgI(SM2011_RS17685)	Sinorhizobium meliloti 2011	GO:0071973~bacterial-type flagellum-dependent cell motility,	GO:0009428~bacterial-type flagellum basal body, distal rod, P ring,GO:0030288~outer membrane-bounded periplasmic space,	GO:0005198~structural molecule activity,	IPR001782:Flagellar P-ring protein,				KW-0282~Flagellum,KW-0574~Periplasm,KW-0966~Cell projection,KW-0969~Cilium,KW-0975~Bacterial flagellum,	KW-0732~Signal,					
SMc03028	flagellar basal body rod protein FlgC(flgC)	Sinorhizobium meliloti 2011	GO:0071973~bacterial-type flagellum-dependent cell motility,	GO:0030694~bacterial-type flagellum basal body, rod,		IPR001444:Flagellar basal body rod protein, N-terminal,IPR006299:Flagellar basal-body rod protein FlgC,IPR010930:Flagellar basal-body/hook protein, C-terminal domain,IPR019776:Flagellar basal body rod protein, conserved site,				KW-0282~Flagellum,KW-0966~Cell projection,KW-0969~Cilium,KW-0975~Bacterial flagellum,	KW-0175~Coiled coil,				DOMAIN:Flg_bb_rod,DOMAIN:Flg_bbr_C,	
SMc03024	flagellar basal-body rod protein FlgF(flgF)	Sinorhizobium meliloti 2011	GO:0071973~bacterial-type flagellum-dependent cell motility,	GO:0030694~bacterial-type flagellum basal body, rod,		IPR001444:Flagellar basal body rod protein, N-terminal,IPR010930:Flagellar basal-body/hook protein, C-terminal domain,IPR012836:Flagellar basal-body rod FlgF,IPR020013:Fagellar hook-basal body protein, FlgE/F/G,				KW-0282~Flagellum,KW-0966~Cell projection,KW-0969~Cilium,KW-0975~Bacterial flagellum,					DOMAIN:Flg_bb_rod,DOMAIN:Flg_bbr_C,	
SMc03030	flagellar basal-body rod protein FlgG(flgG)	Sinorhizobium meliloti 2011	GO:0071973~bacterial-type flagellum-dependent cell motility,	GO:0009426~bacterial-type flagellum basal body, distal rod,		IPR001444:Flagellar basal body rod protein, N-terminal,IPR010930:Flagellar basal-body/hook protein, C-terminal domain,IPR012834:Flagellar basal-body rod FlgG,IPR019776:Flagellar basal body rod protein, conserved site,IPR020013:Fagellar hook-basal body protein, FlgE/F/G,				KW-0282~Flagellum,KW-0966~Cell projection,KW-0969~Cilium,KW-0975~Bacterial flagellum,					DOMAIN:Flg_bb_rod,DOMAIN:Flg_bbr_C,	
SMc03054	flagellar biosynthesis protein FlhA(flhA)	Sinorhizobium meliloti 2011	GO:0009306~protein secretion,GO:0044780~bacterial-type flagellum assembly,	GO:0005886~plasma membrane,GO:0016021~integral component of membrane,		IPR001712:Type III secretion system FHIPEP,IPR006301:Flagellar biosynthesis protein FlhA,	PIRSF005419:type III secretion apparatus inner membrane protein, FlhA type,		KW-0653~Protein transport,KW-0813~Transport,KW-1005~Bacterial flagellum biogenesis,KW-1006~Bacterial flagellum protein export,	KW-0282~Flagellum,KW-0472~Membrane,KW-0966~Cell projection,KW-0969~Cilium,	KW-0175~Coiled coil,				TRANSMEM:Helical,	
SMc03051	flagellar biosynthesis repressor FlbT(flbT)	Sinorhizobium meliloti 2011	GO:0006402~mRNA catabolic process,GO:0044781~bacterial-type flagellum organization,GO:1902209~negative regulation of bacterial-type flagellum assembly,		GO:0048027~mRNA 5'-UTR binding,	IPR009967:Flagellum biosynthesis repressor FlbT,	PIRSF009533:post-transcriptional regulator of flagellin biosynthesis FlbT,		KW-1005~Bacterial flagellum biogenesis,	KW-0282~Flagellum,KW-0966~Cell projection,KW-0969~Cilium,			KW-0678~Repressor,KW-0694~RNA-binding,			
SMc03047	flagellar hook protein FlgE(flgE)	Sinorhizobium meliloti 2011	GO:0071973~bacterial-type flagellum-dependent cell motility,	GO:0009425~bacterial-type flagellum basal body,		IPR001444:Flagellar basal body rod protein, N-terminal,IPR010930:Flagellar basal-body/hook protein, C-terminal domain,IPR011491:Flagellar basal body FlaE,IPR019776:Flagellar basal body rod protein, conserved site,IPR020013:Fagellar hook-basal body protein, FlgE/F/G,				KW-0282~Flagellum,KW-0966~Cell projection,KW-0969~Cilium,KW-0975~Bacterial flagellum,					DOMAIN:FlaE,DOMAIN:Flg_bb_rod,DOMAIN:Flg_bbr_C,	
SMc03049	flagellar hook-associated family protein(SM2011_RS17770)	Sinorhizobium meliloti 2011	GO:0071973~bacterial-type flagellum-dependent cell motility,	GO:0005576~extracellular region,GO:0009288~bacterial-type flagellum,	GO:0005198~structural molecule activity,	IPR001029:Flagellin, D0/D1 domain,				KW-0282~Flagellum,KW-0964~Secreted,KW-0966~Cell projection,KW-0969~Cilium,KW-0975~Bacterial flagellum,					DOMAIN:Flagellin_D0/D1,	
SMc03022	flagellar motor stator protein MotA(motA)	Sinorhizobium meliloti 2011	GO:0006811~ion transport,GO:0006935~chemotaxis,GO:0097588~archaeal or bacterial-type flagellum-dependent cell motility,	GO:0005886~plasma membrane,GO:0016021~integral component of membrane,		IPR000540:Flagellar motor protein MotA, conserved site,IPR002898:MotA/TolQ/ExbB proton channel,IPR022522:Flagellar motor stator, MotA,			KW-0145~Chemotaxis,KW-0283~Flagellar rotation,KW-0375~Hydrogen ion transport,KW-0406~Ion transport,KW-0813~Transport,	KW-0282~Flagellum,KW-0472~Membrane,KW-0966~Cell projection,KW-0969~Cilium,KW-0997~Cell inner membrane,KW-1003~Cell membrane,	KW-0812~Transmembrane,KW-1133~Transmembrane helix,				DOMAIN:MotA_ExbB,TRANSMEM:Helical,	
SMc03020	flagellar motor switch protein FliN(fliN)	Sinorhizobium meliloti 2011	GO:0006935~chemotaxis,GO:0071973~bacterial-type flagellum-dependent cell motility,	GO:0005886~plasma membrane,GO:0009425~bacterial-type flagellum basal body,	GO:0003774~motor activity,	IPR001172:Flagellar motor switch FliN/Type III secretion HrcQb,IPR001543:Surface presentation of antigen (SpoA),IPR012826:Flagellar motor switch FliN,			KW-0145~Chemotaxis,KW-0283~Flagellar rotation,	KW-0282~Flagellum,KW-0472~Membrane,KW-0966~Cell projection,KW-0969~Cilium,KW-0975~Bacterial flagellum,KW-0997~Cell inner membrane,KW-1003~Cell membrane,					DOMAIN:FliMN_C,	
SMc03037	flagellin A(SM2011_RS17710)	Sinorhizobium meliloti 2011	GO:0071973~bacterial-type flagellum-dependent cell motility,	GO:0005576~extracellular region,GO:0009288~bacterial-type flagellum,	GO:0005198~structural molecule activity,	IPR001029:Flagellin, D0/D1 domain,IPR001492:Flagellin,				KW-0282~Flagellum,KW-0964~Secreted,KW-0966~Cell projection,KW-0969~Cilium,KW-0975~Bacterial flagellum,	KW-0175~Coiled coil,				DOMAIN:Flagellin_D0/D1,	
SMc03039	flagellin D(SM2011_RS17720)	Sinorhizobium meliloti 2011	GO:0071973~bacterial-type flagellum-dependent cell motility,	GO:0005576~extracellular region,GO:0009288~bacterial-type flagellum,	GO:0005198~structural molecule activity,	IPR001029:Flagellin, D0/D1 domain,IPR001492:Flagellin,				KW-0282~Flagellum,KW-0964~Secreted,KW-0966~Cell projection,KW-0969~Cilium,KW-0975~Bacterial flagellum,	KW-0175~Coiled coil,				DOMAIN:Flagellin_D0/D1,	
SMa0853	host-specificity nodulation protein HsnB(hsnB)	Sinorhizobium meliloti 2011	GO:0006633~fatty acid biosynthetic process,	GO:0005886~plasma membrane,GO:0016021~integral component of membrane,	GO:0004315~3-oxoacyl-[acyl-carrier-protein] synthase activity,	IPR014030:Beta-ketoacyl synthase, N-terminal,IPR014031:Beta-ketoacyl synthase, C-terminal,IPR016039:Thiolase-like,IPR018201:Beta-ketoacyl synthase, active site,IPR020615:Thiolase, acyl-enzyme intermediate active site,IPR020841:Polyketide synthase, beta-ketoacyl synthase domain,		SM00825:SM00825,	KW-0536~Nodulation,	KW-0472~Membrane,KW-0997~Cell inner membrane,KW-1003~Cell membrane,	KW-0812~Transmembrane,KW-1133~Transmembrane helix,		KW-0808~Transferase,		TRANSMEM:Helical,	
SMa0851	host-specificity nodulation protein HsnD(hsnD)	Sinorhizobium meliloti 2011			GO:0008146~sulfotransferase activity,	IPR000863:Sulfotransferase domain,IPR027417:P-loop containing nucleoside triphosphate hydrolase,			KW-0536~Nodulation,				KW-0808~Transferase,		REGION:Hydrophobic,	
SMc03017	hypothetical protein(SM2011_RS17610)	Sinorhizobium meliloti 2011				IPR017024:Uncharacterised conserved protein UCP034217, Mll2898,	PIRSF034217:uncharacterized conserved protein,									
SMc03026	hypothetical protein(SM2011_RS17655)	Sinorhizobium meliloti 2011		GO:0016021~integral component of membrane,						KW-0282~Flagellum,KW-0472~Membrane,KW-0966~Cell projection,KW-0969~Cilium,	KW-0812~Transmembrane,KW-1133~Transmembrane helix,				TRANSMEM:Helical,	
SMc03041	hypothetical protein(SM2011_RS17730)	Sinorhizobium meliloti 2011									KW-0175~Coiled coil,					
SMc01180	hypothetical protein(SM2011_RS22570)	Sinorhizobium meliloti 2011		GO:0016021~integral component of membrane,						KW-0472~Membrane,	KW-0812~Transmembrane,KW-1133~Transmembrane helix,				TRANSMEM:Helical,	
SMc04316	iron ABC transporter permease(SM2011_RS24840)	Sinorhizobium meliloti 2011	GO:0055085~transmembrane transport,	GO:0005886~plasma membrane,GO:0016021~integral component of membrane,		IPR000515:Binding-protein-dependent transport systems inner membrane component,			KW-0813~Transport,	KW-0472~Membrane,					COMPBIAS:Basic and acidic residues,DOMAIN:ABC transmembrane type-1,REGION:Disordered,TRANSMEM:Helical,	
SMc00908	isoleucine--tRNA ligase(SM2011_RS18375)	Sinorhizobium meliloti 2011	GO:0006428~isoleucyl-tRNA aminoacylation,	GO:0005737~cytoplasm,	GO:0000049~tRNA binding,GO:0002161~aminoacyl-tRNA editing activity,GO:0004822~isoleucine-tRNA ligase activity,GO:0005524~ATP binding,	IPR001412:Aminoacyl-tRNA synthetase, class I, conserved site,IPR002300:Aminoacyl-tRNA synthetase, class Ia,IPR002301:Isoleucine-tRNA ligase,IPR009008:Valyl/Leucyl/Isoleucyl-tRNA synthetase, class Ia, editing domain,IPR009080:Aminoacyl-tRNA synthetase, class 1a, anticodon-binding,IPR013155:Valyl/Leucyl/Isoleucyl-tRNA synthetase, class I, anticodon-binding,IPR014729:Rossmann-like alpha/beta/alpha sandwich fold,IPR023585:Isoleucine-tRNA ligase, type 1,				KW-0963~Cytoplasm,			KW-0436~Ligase,		BINDING:ATP,BINDING:Aminoacyl-adenylate,DOMAIN:Anticodon_1,DOMAIN:tRNA-synt_1,MOTIF:'HIGH' region,MOTIF:'KMSKS' region,	
SMc04346	ketol-acid reductoisomerase(ilvC)	Sinorhizobium meliloti 2011	GO:0009097~isoleucine biosynthetic process,GO:0009099~valine biosynthetic process,		GO:0000287~magnesium ion binding,GO:0004455~ketol-acid reductoisomerase activity,GO:0016853~isomerase activity,GO:0050661~NADP binding,	IPR000506:Acetohydroxy acid isomeroreductase C-terminal,IPR008927:6-phosphogluconate dehydrogenase, C-terminal-like,IPR013023:Acetohydroxy acid isomeroreductase,IPR013116:Acetohydroxy acid isomeroreductase, catalytic,IPR014359:Ketol-acid reductoisomerase, gammaproteobacteria,	PIRSF000116:ketol-acid reductoisomerase, Gammaproteobacteria type,		KW-0028~Amino-acid biosynthesis,KW-0100~Branched-chain amino acid biosynthesis,			KW-0460~Magnesium,KW-0479~Metal-binding,KW-0521~NADP,	KW-0413~Isomerase,KW-0560~Oxidoreductase,		BINDING:NADP,BINDING:NADP	 via amide nitrogen,BINDING:Substrate,DOMAIN:KARI C-terminal knotted,DOMAIN:KARI N-terminal Rossmann,METAL:Magnesium 1,METAL:Magnesium 2,NP_BIND:NADP,
SMc03159	methionine ABC transporter ATP-binding protein(SM2011_RS29085)	Sinorhizobium meliloti 2011		GO:0005886~plasma membrane,	GO:0005524~ATP binding,GO:0016787~hydrolase activity,GO:0033232~D-methionine-transporting ATPase activity,	IPR003439:ABC transporter-like,IPR003593:AAA+ ATPase domain,IPR017871:ABC transporter, conserved site,IPR017908:ABC transporter, methionine import, ATP-binding protein, MetN, C-terminal,IPR018449:NIL domain,IPR026253:ABC transporter, methionine import, ATP-binding protein MetN,IPR027417:P-loop containing nucleoside triphosphate hydrolase,		SM00382:AAA,SM00930:SM00930,	KW-0029~Amino-acid transport,KW-0813~Transport,	KW-0472~Membrane,KW-0997~Cell inner membrane,KW-1003~Cell membrane,		KW-0067~ATP-binding,KW-0547~Nucleotide-binding,	KW-0378~Hydrolase,KW-1278~Translocase,		DOMAIN:ABC transporter,NP_BIND:ATP,	
SMc02857	molecular chaperone DnaK(dnaK)	Sinorhizobium meliloti 2011	GO:0006457~protein folding,		GO:0005524~ATP binding,GO:0016887~ATPase activity,GO:0051082~unfolded protein binding,	IPR012725:Chaperone DnaK,IPR013126:Heat shock protein 70 family,IPR018181:Heat shock protein 70, conserved site,			KW-0346~Stress response,		KW-0175~Coiled coil,	KW-0067~ATP-binding,KW-0547~Nucleotide-binding,	KW-0143~Chaperone,	KW-0597~Phosphoprotein,	COMPBIAS:Basic and acidic residues,REGION:Disordered,	
SMa0849	nod/exo genes transcriptional regulator SyrM(syrM)	Sinorhizobium meliloti 2011			GO:0003677~DNA binding,GO:0003700~transcription factor activity, sequence-specific DNA binding,	IPR000847:Transcription regulator HTH, LysR,IPR005119:LysR, substrate-binding,			KW-0536~Nodulation,KW-0804~Transcription,KW-0805~Transcription regulation,				KW-0010~Activator,KW-0238~DNA-binding,		DNA_BIND:H-T-H motif,DOMAIN:HTH lysR-type,	
SMa0869	nodulation N-acyltransferase NodA(nodA)	Sinorhizobium meliloti 2011		GO:0005829~cytosol,	GO:0016746~transferase activity, transferring acyl groups,	IPR003484:N-acyltransferase NodA,IPR020567:Nodulation protein A, NodA, conserved site,			KW-0536~Nodulation,	KW-0963~Cytoplasm,			KW-0012~Acyltransferase,KW-0808~Transferase,			
SMa0876	nodulation protein NolF(nolF)	Sinorhizobium meliloti 2011		GO:0016020~membrane,	GO:0022857~transmembrane transporter activity,	IPR006143:RND efflux pump, membrane fusion protein,			KW-0536~Nodulation,		KW-0175~Coiled coil,				DOMAIN:HlyD_D23,	
SMc02436	peptide chain release factor 1(prfA)	Sinorhizobium meliloti 2011		GO:0005737~cytoplasm,	GO:0016149~translation release factor activity, codon specific,	IPR000352:Peptide chain release factor class I/class II,IPR004373:Peptide chain release factor 1,IPR005139:Peptide chain release factor,		SM00937:SM00937,	KW-0648~Protein biosynthesis,	KW-0963~Cytoplasm,	KW-0175~Coiled coil,			KW-0488~Methylation,	COMPBIAS:Basic and acidic residues,DOMAIN:RF_PROK_I,REGION:Disordered,	
SM_b21640	phenylacetate-CoA oxygenase subunit PaaA(C770_RS26070)	Sinorhizobium meliloti GR4	GO:0010124~phenylacetate catabolic process,		GO:0097266~phenylacetyl-CoA 1,2-epoxidase activity,	IPR007814:Phenylacetic acid catabolic,IPR009078:Ferritin-like superfamily,IPR011881:Phenylacetate-CoA oxygenase, PaaG subunit,IPR012347:Ferritin-related,									REGION:Disordered,	
SMc00992	phosphodiesterase(SM2011_RS18690)	Sinorhizobium meliloti 2011	GO:0007165~signal transduction,	GO:0016021~integral component of membrane,		IPR000160:GGDEF domain,IPR001633:Diguanylate phosphodiesterase, EAL domain,IPR003660:HAMP linker domain,		SM00052:DUF2,SM00267:DUF1,		KW-0472~Membrane,	KW-0812~Transmembrane,KW-1133~Transmembrane helix,				DOMAIN:EAL,DOMAIN:GGDEF,DOMAIN:HAMP,TRANSMEM:Helical,	
SM_b21176	phosphonate ABC transporter substrate-binding protein(phnD)	Sinorhizobium meliloti 2011	GO:0015716~organic phosphonate transport,GO:0055085~transmembrane transport,	GO:0043190~ATP-binding cassette (ABC) transporter complex,		IPR005770:Phosphonate-binding periplasmic protein,IPR017797:ABC transporter, phosphonate, periplasmic substrate-binding protein,					KW-0732~Signal,					
SM_b21174	phosphonate ABC transporter, permease protein PhnE(phnE)	Sinorhizobium meliloti 2011		GO:0005887~integral component of plasma membrane,	GO:0015416~ATPase-coupled organic phosphonate transmembrane transporter activity,	IPR000515:Binding-protein-dependent transport systems inner membrane component,IPR005769:Phosphonate uptake transporter,			KW-0813~Transport,	KW-0472~Membrane,					DOMAIN:ABC transmembrane type-1,TRANSMEM:Helical,	
SMc03010	protein-glutamate O-methylesterase CheB(cheB)	Sinorhizobium meliloti 2011	GO:0006482~protein demethylation,GO:0006935~chemotaxis,GO:0018277~protein deamination,	GO:0005737~cytoplasm,	GO:0000156~phosphorelay response regulator activity,GO:0008984~protein-glutamate methylesterase activity,GO:0050568~protein-glutamine glutaminase activity,	IPR000673:Signal transduction response regulator, chemotaxis, protein-glutamate methylesterase,IPR001789:Signal transduction response regulator, receiver domain,IPR008248:Signal transduction response regulator, chemotaxis, CheB,IPR011006:CheY-like superfamily,	PIRSF000876:chemotaxis response regulator methylesterase, CheB type,	SM00448:REC,	KW-0145~Chemotaxis,	KW-0963~Cytoplasm,			KW-0378~Hydrolase,	KW-0597~Phosphoprotein,	DOMAIN:CheB-type methylesterase,DOMAIN:Response regulatory,	
SMc02513	purine permease(SM2011_RS29780)	Sinorhizobium meliloti 2011	GO:0015851~nucleobase transport,	GO:0016021~integral component of membrane,	GO:0022857~transmembrane transporter activity,	IPR006042:Xanthine/uracil permease,IPR006043:Xanthine/uracil/vitamin C permease,IPR017588:Xanthine permease,			KW-0813~Transport,	KW-0472~Membrane,	KW-0812~Transmembrane,				TRANSMEM:Helical,	
SMc03090	purine-binding chemotaxis protein CheW(SM2011_RS29680)	Sinorhizobium meliloti 2011	GO:0006935~chemotaxis,GO:0007165~signal transduction,			IPR002545:CheW-like protein,		SM00260:CheW,							DOMAIN:CheW-like,	
SMa1550	response regulator transcription factor(SM2011_RS04260)	Sinorhizobium meliloti 2011	GO:0000160~phosphorelay signal transduction system,GO:0006355~regulation of transcription, DNA-templated,		GO:0003677~DNA binding,	IPR000792:Transcription regulator LuxR, C-terminal,IPR001789:Signal transduction response regulator, receiver domain,IPR011006:CheY-like superfamily,IPR016032:Signal transduction response regulator, C-terminal effector,		SM00421:HTH_LUXR,SM00448:REC,					KW-0238~DNA-binding,	KW-0597~Phosphoprotein,	DOMAIN:HTH luxR-type,DOMAIN:Response regulatory,REGION:Disordered,	
SMc03006	response regulator(SM2011_RS17555)	Sinorhizobium meliloti 2011	GO:0000160~phosphorelay signal transduction system,			IPR001789:Signal transduction response regulator, receiver domain,IPR011006:CheY-like superfamily,		SM00448:REC,						KW-0597~Phosphoprotein,	DOMAIN:Response regulatory,	
SMa2404	rhizobactin siderophore biosynthesis protein RhbC(rhbC)	Sinorhizobium meliloti 2011	GO:0019289~rhizobactin 1021 biosynthetic process,			IPR007310:Aerobactin siderophore biosynthesis, IucA/IucC, N-terminal,IPR022770:FhuF/siderophore biosynthesis protein, C-terminal,										
SMc03071	rod-binding protein(SM2011_RS17810)	Sinorhizobium meliloti 2011				IPR019301:Flagellar protein FlgJ, N-terminal,				KW-0282~Flagellum,KW-0966~Cell projection,KW-0969~Cilium,					DOMAIN:Rod-binding,	
SM_b21207	secretion protein HlyD(hlyD)	Sinorhizobium meliloti 2011		GO:0042597~periplasmic space,		IPR022936:Uncharacterised protein family UPF0194, membrane protein YbhG,				KW-0574~Periplasm,	KW-0175~Coiled coil,KW-0732~Signal,					
SMc03857	signal recognition particle protein(ffh)	Sinorhizobium meliloti 2011	GO:0006614~SRP-dependent cotranslational protein targeting to membrane,	GO:0005886~plasma membrane,GO:0048500~signal recognition particle,	GO:0003924~GTPase activity,GO:0005525~GTP binding,GO:0008312~7S RNA binding,	IPR000897:Signal recognition particle, SRP54 subunit, GTPase domain,IPR003593:AAA+ ATPase domain,IPR004125:Signal recognition particle, SRP54 subunit, M-domain,IPR004780:Signal recognition particle protein Ffh,IPR013822:Signal recognition particle, SRP54 subunit, helical bundle,IPR022941:Signal recognition particle, SRP54 subunit,IPR027417:P-loop containing nucleoside triphosphate hydrolase,		SM00382:AAA,SM00962:SM00962,SM00963:SM00963,		KW-0963~Cytoplasm,					DOMAIN:SRP54,NP_BIND:GTP,REGION:Disordered,	
SM_b21377	substrate-binding domain-containing protein(SM2011_RS11360)	Sinorhizobium meliloti 2011				IPR025997:Periplasmic binding protein domain,					KW-0175~Coiled coil,KW-0732~Signal,				DOMAIN:Peripla_BP_4,	
SM_b21377	sugar ABC transporter substrate-binding protein(C770_RS28865)	Sinorhizobium meliloti GR4				IPR025997:Periplasmic binding protein domain,					KW-0175~Coiled coil,KW-0732~Signal,				DOMAIN:Peripla_BP_4,	
SM_b20347	transcriptional regulator(C770_RS31985)	Sinorhizobium meliloti GR4			GO:0003677~DNA binding,	IPR001647:DNA-binding HTH domain, TetR-type,IPR009057:Homeodomain-like,							KW-0238~DNA-binding,		DNA_BIND:H-T-H motif,DOMAIN:HTH tetR-type,	
SMc03242	translational GTPase TypA(typA)	Sinorhizobium meliloti 2011	GO:0000027~ribosomal large subunit assembly,	GO:0005737~cytoplasm,	GO:0000049~tRNA binding,GO:0003924~GTPase activity,GO:0005525~GTP binding,GO:0019843~rRNA binding,GO:0043022~ribosome binding,	IPR000640:Translation elongation factor EFG, V domain,IPR000795:Elongation factor, GTP-binding domain,IPR004161:Translation elongation factor EFTu/EF1A, domain 2,IPR005225:Small GTP-binding protein domain,IPR006298:GTP-binding protein TypA,IPR009000:Translation elongation/initiation factor/Ribosomal, beta-barrel,IPR027417:P-loop containing nucleoside triphosphate hydrolase,		SM00838:SM00838,	KW-0648~Protein biosynthesis,KW-0690~Ribosome biogenesis,	KW-0963~Cytoplasm,			KW-0378~Hydrolase,KW-0694~RNA-binding,KW-0699~rRNA-binding,KW-0820~tRNA-binding,		DOMAIN:Tr-type G,NP_BIND:GTP,	
SMc00978	transporter(SM2011_RS18765)	Sinorhizobium meliloti 2011		GO:0016021~integral component of membrane,	GO:0046873~metal ion transmembrane transporter activity,	IPR002523:Mg2+ transporter protein, CorA-like/Zinc transport protein ZntB,				KW-0472~Membrane,	KW-0175~Coiled coil,KW-0812~Transmembrane,				TRANSMEM:Helical,	
SMc02050	trigger factor(SM2011_RS22195)	Sinorhizobium meliloti 2011	GO:0006457~protein folding,GO:0007049~cell cycle,GO:0015031~protein transport,GO:0051301~cell division,	GO:0005737~cytoplasm,	GO:0003755~peptidyl-prolyl cis-trans isomerase activity,	IPR001179:Peptidyl-prolyl cis-trans isomerase, FKBP-type, domain,IPR005215:Trigger factor,IPR008880:Trigger factor, C-terminal domain,IPR008881:Trigger factor, ribosome-binding, bacterial,IPR027304:Trigger factor/SurA domain,	PIRSF003095:FKBP-type peptidyl-prolyl cis-trans isomerase (trigger factor),		KW-0131~Cell cycle,KW-0132~Cell division,	KW-0963~Cytoplasm,			KW-0143~Chaperone,KW-0413~Isomerase,KW-0697~Rotamase,		DOMAIN:PPIase FKBP-type,REGION:Disordered,	
SMa0473	type II toxin-antitoxin system mRNA interferase toxin, RelE/StbE family(SM2011_RS01300)	Sinorhizobium meliloti 2011				IPR007712:Toxin-antitoxin system, RelE/ParE toxin family,			KW-1277~Toxin-antitoxin system,							
SM_b21292	urate hydroxylase PuuD(SM2011_RS10610)	Sinorhizobium meliloti 2011		GO:0016021~integral component of membrane,	GO:0009055~electron carrier activity,GO:0020037~heme binding,GO:0046872~metal ion binding,	IPR009056:Cytochrome c domain,IPR010389:Protein of unknown function DUF989,				KW-0472~Membrane,	KW-0812~Transmembrane,KW-1133~Transmembrane helix,	KW-0349~Heme,KW-0408~Iron,			DOMAIN:Cytochrome c,TRANSMEM:Helical,	
