Annotation Cluster 1	Enrichment Score: 1.766052435120772											
Category	Term	Count	%	PValue	Genes	List Total	Pop Hits	Pop Total	Fold Enrichment	Bonferroni	Benjamini	FDR
UP_KW_MOLECULAR_FUNCTION	KW-0687~Ribonucleoprotein	16	1.91387559808612	0.003399111228338	SINMEB_0991, SINMEB_0980, SINMEB_0992, SINMEB_1002, SINMEB_3014, SINMEB_1001, SINMEB_0990, SINMEB_1000, SINMEB_0759, SINMEB_0974, SINMEB_1006, SINMEB_0993, SINMEB_0989, SINMEB_1977, SINMEB_1878, SINMEB_0987	311	56	2419	2.22232429949472	0.13029478196042	0.066589966021105	0.064965820508395
UP_KW_MOLECULAR_FUNCTION	KW-0689~Ribosomal protein	16	1.91387559808612	0.003399111228338	SINMEB_0991, SINMEB_0980, SINMEB_0992, SINMEB_1002, SINMEB_3014, SINMEB_1001, SINMEB_0990, SINMEB_1000, SINMEB_0759, SINMEB_0974, SINMEB_1006, SINMEB_0993, SINMEB_0989, SINMEB_1977, SINMEB_1878, SINMEB_0987	311	56	2419	2.22232429949472	0.13029478196042	0.066589966021105	0.064965820508395
GOTERM_MF_DIRECT	GO:0003735~structural constituent of ribosome	15	1.79425837320574	0.004095299974155	SINMEB_0991, SINMEB_0980, SINMEB_0992, SINMEB_1002, SINMEB_3014, SINMEB_1001, SINMEB_0990, SINMEB_1000, SINMEB_0759, SINMEB_0974, SINMEB_1006, SINMEB_0993, SINMEB_0989, SINMEB_1878, SINMEB_0987	430	53	3453	2.27270732777534	0.689495527620282	0.583580246317154	0.583580246317154
GOTERM_BP_DIRECT	GO:0006412~translation	15	1.79425837320574	0.016838381060294	SINMEB_0991, SINMEB_0980, SINMEB_0992, SINMEB_1002, SINMEB_3014, SINMEB_1001, SINMEB_0990, SINMEB_1000, SINMEB_0759, SINMEB_0974, SINMEB_1006, SINMEB_0993, SINMEB_0989, SINMEB_1878, SINMEB_0987	256	61	2016	1.93647540983607	0.947020180303518	1	1
GOTERM_MF_DIRECT	GO:0019843~rRNA binding	10	1.19617224880383	0.028152378567754	SINMEB_0759, SINMEB_0991, SINMEB_0980, SINMEB_1001, SINMEB_0990, SINMEB_1000, SINMEB_1006, SINMEB_0993, SINMEB_0989, SINMEB_0987	430	36	3453	2.23062015503876	0.999707934551526	1	1
UP_KW_MOLECULAR_FUNCTION	KW-0699~rRNA-binding	10	1.19617224880383	0.045903881674825	SINMEB_0759, SINMEB_0991, SINMEB_0980, SINMEB_1001, SINMEB_0990, SINMEB_1000, SINMEB_1006, SINMEB_0993, SINMEB_0989, SINMEB_0987	311	38	2419	2.04687764427145	0.85436113451376	0.376411829733566	0.367231053398601
GOTERM_CC_DIRECT	GO:0005840~ribosome	11	1.31578947368421	0.057649820841427	SINMEB_0759, SINMEB_0991, SINMEB_0992, SINMEB_3014, SINMEB_0990, SINMEB_1000, SINMEB_0974, SINMEB_1006, SINMEB_0993, SINMEB_1977, SINMEB_1878	263	44	1971	1.87357414448669	0.831589360967629	1	1
UP_KW_MOLECULAR_FUNCTION	KW-0694~RNA-binding	12	1.43540669856459	0.125343335438736	SINMEB_1087, SINMEB_0759, SINMEB_0991, SINMEB_0980, SINMEB_0078, SINMEB_1001, SINMEB_0990, SINMEB_1000, SINMEB_1006, SINMEB_0993, SINMEB_0989, SINMEB_0987	311	59	2419	1.58199356913183	0.995875778368557	0.642384594123521	0.626716677193679
												
Annotation Cluster 2	Enrichment Score: 1.5174909427418128											
Category	Term	Count	%	PValue	Genes	List Total	Pop Hits	Pop Total	Fold Enrichment	Bonferroni	Benjamini	FDR
UP_KW_MOLECULAR_FUNCTION	KW-0720~Serine protease	6	0.717703349282297	0.00487243653813	SINMEB_0882, SINMEB_1012, SINMEB_3617, SINMEB_0884, SINMEB_0642, SINMEB_2208	311	10	2419	4.66688102893891	0.181480589578955	0.066589966021105	0.064965820508395
GOTERM_MF_DIRECT	GO:0004176~ATP-dependent peptidase activity	4	0.478468899521531	0.028537221202269	SINMEB_0882, SINMEB_0461, SINMEB_0884, SINMEB_2208	430	6	3453	5.35348837209302	0.999739110170022	1	1
GOTERM_MF_DIRECT	GO:0004252~serine-type endopeptidase activity	6	0.717703349282297	0.076842646847427	SINMEB_0882, SINMEB_0461, SINMEB_1012, SINMEB_0884, SINMEB_0642, SINMEB_2208	430	19	3453	2.5358629130967	0.999999999873064	1	1
INTERPRO	IPR001907:ClpP	3	0.358851674641148	0.079666555531284	SINMEB_0882, SINMEB_0461, SINMEB_2208	616	4	4890	5.95373376623377	1	1	1
												
Annotation Cluster 3	Enrichment Score: 1.0739271806775479											
Category	Term	Count	%	PValue	Genes	List Total	Pop Hits	Pop Total	Fold Enrichment	Bonferroni	Benjamini	FDR
UP_KW_MOLECULAR_FUNCTION	KW-0720~Serine protease	6	0.717703349282297	0.00487243653813	SINMEB_0882, SINMEB_1012, SINMEB_3617, SINMEB_0884, SINMEB_0642, SINMEB_2208	311	10	2419	4.66688102893891	0.181480589578955	0.066589966021105	0.064965820508395
SMART	SM00228:PDZ	3	0.358851674641148	0.210844636336937	SINMEB_1012, SINMEB_3617, SINMEB_0642	134	7	1075	3.43816631130064	0.999999998869844	1	1
INTERPRO	IPR001478:PDZ domain	3	0.358851674641148	0.216607190941108	SINMEB_1012, SINMEB_3617, SINMEB_0642	616	7	4890	3.40213358070501	1	1	1
UP_SEQ_FEATURE	DOMAIN:PDZ	3	0.358851674641148	0.227462421513058	SINMEB_1012, SINMEB_3617, SINMEB_0642	565	7	4346	3.29658659924147	1	1	1
												
Annotation Cluster 4	Enrichment Score: 0.9943254480307425											
Category	Term	Count	%	PValue	Genes	List Total	Pop Hits	Pop Total	Fold Enrichment	Bonferroni	Benjamini	FDR
UP_KW_LIGAND	KW-0408~Iron	31	3.70813397129187	0.018841643257533	SINMEB_0442, SINMEB_2344, SINMEB_0541, SINMEB_6344, SINMEB_0309, SINMEB_0804, SINMEB_1037, SINMEB_2346, SINMEB_0103, SINMEB_3831, SINMEB_6209, SINMEB_2405, SINMEB_0591, SINMEB_2275, SINMEB_3001, SINMEB_0590, SINMEB_0452, SINMEB_2433, SINMEB_6178, SINMEB_2772, SINMEB_4491, SINMEB_4272, SINMEB_6176, SINMEB_1082, SINMEB_2939, SINMEB_2898, SINMEB_2837, SINMEB_2835, SINMEB_0337, SINMEB_0558, SINMEB_4659	136	154	985	1.45793544690604	0.423984581744166	0.546407654468446	0.546407654468446
GOTERM_MF_DIRECT	GO:0046872~metal ion binding	49	5.86124401913876	0.101454376426608	SINMEB_1095, SINMEB_3196, SINMEB_2344, SINMEB_0442, SINMEB_0044, SINMEB_6344, SINMEB_3150, SINMEB_0804, SINMEB_2820, SINMEB_2346, SINMEB_0591, SINMEB_0232, SINMEB_2772, SINMEB_1165, SINMEB_6173, SINMEB_6176, SINMEB_1082, SINMEB_1727, SINMEB_2898, SINMEB_1369, SINMEB_2853, SINMEB_0558, SINMEB_1602, SINMEB_1031, SINMEB_3456, SINMEB_0541, SINMEB_2280, SINMEB_0309, SINMEB_1995, SINMEB_1037, SINMEB_0103, SINMEB_2405, SINMEB_6209, SINMEB_2275, SINMEB_3001, SINMEB_1382, SINMEB_0452, SINMEB_2433, SINMEB_1584, SINMEB_4331, SINMEB_4491, SINMEB_3162, SINMEB_3928, SINMEB_2756, SINMEB_2837, SINMEB_1867, SINMEB_0337, SINMEB_2835, SINMEB_4659	430	324	3453	1.21444875107666	0.999999999999943	1	1
UP_KW_LIGAND	KW-0479~Metal-binding	49	5.86124401913876	0.54404408550748	SINMEB_3196, SINMEB_2345, SINMEB_0442, SINMEB_6344, SINMEB_2661, SINMEB_6185, SINMEB_1050, SINMEB_3150, SINMEB_0727, SINMEB_0804, SINMEB_2346, SINMEB_3831, SINMEB_4476, SINMEB_0232, SINMEB_6178, SINMEB_1165, SINMEB_6173, SINMEB_4471, SINMEB_1082, SINMEB_1403, SINMEB_2898, SINMEB_1369, SINMEB_1049, SINMEB_1528, SINMEB_1889, SINMEB_0558, SINMEB_1602, SINMEB_1031, SINMEB_3456, SINMEB_4424, SINMEB_0584, SINMEB_0541, SINMEB_2882, SINMEB_2280, SINMEB_0309, SINMEB_2723, SINMEB_1995, SINMEB_2405, SINMEB_6209, SINMEB_2275, SINMEB_3001, SINMEB_0452, SINMEB_2433, SINMEB_4493, SINMEB_3162, SINMEB_2837, SINMEB_0337, SINMEB_2835, SINMEB_4659	136	351	985	1.01108178314061	0.999999999871542	1	1
												
Annotation Cluster 5	Enrichment Score: 0.8527511908722237											
Category	Term	Count	%	PValue	Genes	List Total	Pop Hits	Pop Total	Fold Enrichment	Bonferroni	Benjamini	FDR
UP_KW_LIGAND	KW-0411~Iron-sulfur	17	2.03349282296651	0.049072059907116	SINMEB_2275, SINMEB_3001, SINMEB_0452, SINMEB_2433, SINMEB_6178, SINMEB_0541, SINMEB_0442, SINMEB_6344, SINMEB_1082, SINMEB_0804, SINMEB_0309, SINMEB_1037, SINMEB_2837, SINMEB_2835, SINMEB_0558, SINMEB_6209, SINMEB_2405	136	77	985	1.59902597402597	0.767576181575592	0.711544868653185	0.711544868653185
GOTERM_MF_DIRECT	GO:0051539~4 iron, 4 sulfur cluster binding	10	1.19617224880383	0.2052267025669	SINMEB_3001, SINMEB_0309, SINMEB_0452, SINMEB_6178, SINMEB_0541, SINMEB_1037, SINMEB_2837, SINMEB_1082, SINMEB_2835, SINMEB_6209	430	53	3453	1.51513821851689	1	1	1
UP_KW_LIGAND	KW-0004~4Fe-4S	10	1.19617224880383	0.274585924566931	SINMEB_3001, SINMEB_0309, SINMEB_0452, SINMEB_6178, SINMEB_0541, SINMEB_1037, SINMEB_2837, SINMEB_1082, SINMEB_2835, SINMEB_6209	136	52	985	1.39281674208145	0.999909428123813	1	1
												
Annotation Cluster 6	Enrichment Score: 0.834159512170289											
Category	Term	Count	%	PValue	Genes	List Total	Pop Hits	Pop Total	Fold Enrichment	Bonferroni	Benjamini	FDR
SMART	SM00926:SM00926	3	0.358851674641148	0.118198627069701	SINMEB_0804, SINMEB_6178, SINMEB_2835	134	5	1075	4.8134328358209	0.999982329165952	1	1
INTERPRO	IPR009010:Aspartate decarboxylase-like domain	3	0.358851674641148	0.121928659361604	SINMEB_0804, SINMEB_6178, SINMEB_2835	616	5	4890	4.76298701298701	1	1	1
INTERPRO	IPR006657:Molydopterin dinucleotide-binding domain	3	0.358851674641148	0.121928659361604	SINMEB_0804, SINMEB_6178, SINMEB_2835	616	5	4890	4.76298701298701	1	1	1
GOTERM_MF_DIRECT	GO:0043546~molybdopterin cofactor binding	3	0.358851674641148	0.164733602381591	SINMEB_0804, SINMEB_6178, SINMEB_2835	430	6	3453	4.01511627906977	1	1	1
INTERPRO	IPR006656:Molybdopterin oxidoreductase	3	0.358851674641148	0.168127151572174	SINMEB_0804, SINMEB_6178, SINMEB_2835	616	6	4890	3.96915584415584	1	1	1
INTERPRO	IPR006963:Molybdopterin oxidoreductase, 4Fe-4S domain	3	0.358851674641148	0.168127151572174	SINMEB_0804, SINMEB_6178, SINMEB_2835	616	6	4890	3.96915584415584	1	1	1
UP_SEQ_FEATURE	DOMAIN:4Fe-4S Mo/W bis-MGD-type	3	0.358851674641148	0.177011498840081	SINMEB_0804, SINMEB_6178, SINMEB_2835	565	6	4346	3.84601769911504	1	1	1
												
Annotation Cluster 7	Enrichment Score: 0.8287483603836864											
Category	Term	Count	%	PValue	Genes	List Total	Pop Hits	Pop Total	Fold Enrichment	Bonferroni	Benjamini	FDR
INTERPRO	IPR023753:Pyridine nucleotide-disulphide oxidoreductase, FAD/NAD(P)-binding domain	6	0.717703349282297	0.096554343142697	SINMEB_6269, SINMEB_2274, SINMEB_1901, SINMEB_1604, SINMEB_0404, SINMEB_1080	616	20	4890	2.38149350649351	1	1	1
UP_SEQ_FEATURE	DOMAIN:Pyr_redox_2	6	0.717703349282297	0.107149746380656	SINMEB_6269, SINMEB_2274, SINMEB_1901, SINMEB_1604, SINMEB_0404, SINMEB_1080	565	20	4346	2.30761061946903	1	1	1
INTERPRO	IPR016156:FAD/NAD-linked reductase, dimerisation	3	0.358851674641148	0.315494619950826	SINMEB_1604, SINMEB_0404, SINMEB_1080	616	9	4890	2.6461038961039	1	1	1
												
Annotation Cluster 8	Enrichment Score: 0.8033552348435052											
Category	Term	Count	%	PValue	Genes	List Total	Pop Hits	Pop Total	Fold Enrichment	Bonferroni	Benjamini	FDR
SMART	SM00559:Ku78	3	0.358851674641148	0.077059296586125	SINMEB_4990, SINMEB_4834, SINMEB_4989	134	4	1075	6.01679104477612	0.999066486579219	1	1
GOTERM_MF_DIRECT	GO:0003690~double-stranded DNA binding	3	0.358851674641148	0.077882298686061	SINMEB_4990, SINMEB_4834, SINMEB_4989	430	4	3453	6.02267441860465	0.999999999907931	1	1
INTERPRO	IPR009187:Predicted Ku, prokaryotic type	3	0.358851674641148	0.079666555531284	SINMEB_4990, SINMEB_4834, SINMEB_4989	616	4	4890	5.95373376623377	1	1	1
INTERPRO	IPR006164:Ku70/Ku80 beta-barrel domain	3	0.358851674641148	0.079666555531284	SINMEB_4990, SINMEB_4834, SINMEB_4989	616	4	4890	5.95373376623377	1	1	1
INTERPRO	IPR016194:SPOC like C-terminal domain	3	0.358851674641148	0.079666555531284	SINMEB_4990, SINMEB_4834, SINMEB_4989	616	4	4890	5.95373376623377	1	1	1
GOTERM_BP_DIRECT	GO:0006303~double-strand break repair via nonhomologous end joining	3	0.358851674641148	0.080395081797469	SINMEB_4990, SINMEB_4834, SINMEB_4989	256	4	2016	5.90625	0.999999495312725	1	1
UP_SEQ_FEATURE	DOMAIN:Ku	3	0.358851674641148	0.084331809530005	SINMEB_4990, SINMEB_4834, SINMEB_4989	565	4	4346	5.76902654867257	1	1	1
PIR_SUPERFAMILY	PIRSF006493:Ku DNA-binding protein, prokaryotic type	3	0.358851674641148	0.102787612635426	SINMEB_4990, SINMEB_4834, SINMEB_4989	99	4	675	5.11363636363636	0.999942379968204	1	1
UP_KW_BIOLOGICAL_PROCESS	KW-0227~DNA damage	7	0.837320574162679	0.354538499193251	SINMEB_1399, SINMEB_4990, SINMEB_0541, SINMEB_3292, SINMEB_0733, SINMEB_4834, SINMEB_4989	192	34	1339	1.43581495098039	0.999999999999992	1	1
UP_KW_BIOLOGICAL_PROCESS	KW-0234~DNA repair	6	0.717703349282297	0.489301535431537	SINMEB_1399, SINMEB_4990, SINMEB_0541, SINMEB_3292, SINMEB_4834, SINMEB_4989	192	32	1339	1.3076171875	1	1	1
GOTERM_BP_DIRECT	GO:0006310~DNA recombination	5	0.598086124401914	0.64075080504194	SINMEB_1470, SINMEB_1399, SINMEB_4990, SINMEB_4834, SINMEB_4989	256	34	2016	1.15808823529412	1	1	1
UP_KW_BIOLOGICAL_PROCESS	KW-0233~DNA recombination	3	0.358851674641148	0.973989866295544	SINMEB_4990, SINMEB_4834, SINMEB_4989	192	36	1339	0.581163194444444	1	1	1
												
Annotation Cluster 9	Enrichment Score: 0.5093366843803273											
Category	Term	Count	%	PValue	Genes	List Total	Pop Hits	Pop Total	Fold Enrichment	Bonferroni	Benjamini	FDR
GOTERM_MF_DIRECT	GO:0020037~heme binding	11	1.31578947368421	0.093077144304877	SINMEB_0591, SINMEB_0590, SINMEB_2344, SINMEB_3004, SINMEB_4491, SINMEB_2898, SINMEB_4272, SINMEB_6176, SINMEB_2346, SINMEB_2408, SINMEB_4659	430	51	3453	1.73201094391245	0.999999999999192	1	1
UP_KW_LIGAND	KW-0349~Heme	10	1.19617224880383	0.236009741731332	SINMEB_0591, SINMEB_2939, SINMEB_0590, SINMEB_2344, SINMEB_4491, SINMEB_2898, SINMEB_4272, SINMEB_6176, SINMEB_2346, SINMEB_4659	136	50	985	1.44852941176471	0.99959304460974	1	1
UP_KW_BIOLOGICAL_PROCESS	KW-0249~Electron transport	7	0.837320574162679	0.354538499193251	SINMEB_0590, SINMEB_2345, SINMEB_6178, SINMEB_2898, SINMEB_4272, SINMEB_6176, SINMEB_2346	192	34	1339	1.43581495098039	0.999999999999992	1	1
GOTERM_MF_DIRECT	GO:0009055~electron carrier activity	7	0.837320574162679	0.401338847282455	SINMEB_0591, SINMEB_0590, SINMEB_6178, SINMEB_2344, SINMEB_4491, SINMEB_4272, SINMEB_5390	430	41	3453	1.37101531480431	1	1	1
UP_SEQ_FEATURE	DOMAIN:Cytochrome c	4	0.478468899521531	0.525215129304591	SINMEB_0591, SINMEB_2344, SINMEB_4491, SINMEB_4272	565	21	4346	1.46514959966287	1	1	1
INTERPRO	IPR009056:Cytochrome c domain	4	0.478468899521531	0.535420610688176	SINMEB_0591, SINMEB_2344, SINMEB_4491, SINMEB_4272	616	22	4890	1.44332939787485	1	1	1
												
Annotation Cluster 10	Enrichment Score: 0.4736656703364686											
Category	Term	Count	%	PValue	Genes	List Total	Pop Hits	Pop Total	Fold Enrichment	Bonferroni	Benjamini	FDR
INTERPRO	IPR001492:Flagellin	3	0.358851674641148	0.079666555531284	SINMEB_0277, SINMEB_0278, SINMEB_0279	616	4	4890	5.95373376623377	1	1	1
INTERPRO	IPR001029:Flagellin, D0/D1 domain	3	0.358851674641148	0.121928659361604	SINMEB_0277, SINMEB_0278, SINMEB_0279	616	5	4890	4.76298701298701	1	1	1
UP_SEQ_FEATURE	DOMAIN:Flagellin_D0/D1	3	0.358851674641148	0.128715000605029	SINMEB_0277, SINMEB_0278, SINMEB_0279	565	5	4346	4.61522123893805	1	1	1
GOTERM_CC_DIRECT	GO:0009288~bacterial-type flagellum	3	0.358851674641148	0.183982975788667	SINMEB_0277, SINMEB_0278, SINMEB_0279	263	6	1971	3.74714828897338	0.997756239075647	1	1
GOTERM_MF_DIRECT	GO:0005198~structural molecule activity	3	0.358851674641148	0.261248526981529	SINMEB_0277, SINMEB_0278, SINMEB_0279	430	8	3453	3.01133720930233	1	1	1
GOTERM_BP_DIRECT	GO:0071973~bacterial-type flagellum-dependent cell motility	4	0.478468899521531	0.366406644646171	SINMEB_0277, SINMEB_0286, SINMEB_0278, SINMEB_0279	256	17	2016	1.85294117647059	1	1	1
UP_KW_CELLULAR_COMPONENT	KW-0975~Bacterial flagellum	4	0.478468899521531	0.420259029543772	SINMEB_0277, SINMEB_0286, SINMEB_0278, SINMEB_0279	231	18	1771	1.7037037037037	0.99951551994326	1	1
UP_KW_CELLULAR_COMPONENT	KW-0964~Secreted	3	0.358851674641148	0.518763587636474	SINMEB_0277, SINMEB_0278, SINMEB_0279	231	13	1771	1.76923076923077	0.999964271175629	1	1
GOTERM_CC_DIRECT	GO:0005576~extracellular region	3	0.358851674641148	0.612547308405547	SINMEB_0277, SINMEB_0278, SINMEB_0279	263	15	1971	1.49885931558935	0.999999999999557	1	1
UP_KW_CELLULAR_COMPONENT	KW-0282~Flagellum	4	0.478468899521531	0.889597013938061	SINMEB_0277, SINMEB_0286, SINMEB_0278, SINMEB_0279	231	38	1771	0.807017543859649	0.99999999999996	1	1
UP_KW_CELLULAR_COMPONENT	KW-0966~Cell projection	4	0.478468899521531	0.889597013938061	SINMEB_0277, SINMEB_0286, SINMEB_0278, SINMEB_0279	231	38	1771	0.807017543859649	0.99999999999996	1	1
UP_KW_CELLULAR_COMPONENT	KW-0969~Cilium	4	0.478468899521531	0.889597013938061	SINMEB_0277, SINMEB_0286, SINMEB_0278, SINMEB_0279	231	38	1771	0.807017543859649	0.99999999999996	1	1
												
Annotation Cluster 11	Enrichment Score: 0.4431901472319136											
Category	Term	Count	%	PValue	Genes	List Total	Pop Hits	Pop Total	Fold Enrichment	Bonferroni	Benjamini	FDR
INTERPRO	IPR014284:RNA polymerase sigma-70 like domain	4	0.478468899521531	0.253848117131337	SINMEB_2261, SINMEB_2663, SINMEB_4916, SINMEB_3028	616	14	4890	2.26808905380334	1	1	1
INTERPRO	IPR013325:RNA polymerase sigma factor, region 2	4	0.478468899521531	0.253848117131337	SINMEB_2261, SINMEB_2663, SINMEB_4916, SINMEB_3028	616	14	4890	2.26808905380334	1	1	1
INTERPRO	IPR007627:RNA polymerase sigma-70 region 2	4	0.478468899521531	0.253848117131337	SINMEB_2261, SINMEB_2663, SINMEB_4916, SINMEB_3028	616	14	4890	2.26808905380334	1	1	1
GOTERM_BP_DIRECT	GO:0006352~DNA-templated transcription, initiation	4	0.478468899521531	0.366406644646171	SINMEB_2261, SINMEB_2663, SINMEB_4916, SINMEB_3028	256	17	2016	1.85294117647059	1	1	1
GOTERM_MF_DIRECT	GO:0016987~sigma factor activity	4	0.478468899521531	0.39106463617834	SINMEB_2261, SINMEB_2663, SINMEB_4916, SINMEB_3028	430	18	3453	1.78449612403101	1	1	1
INTERPRO	IPR013324:RNA polymerase sigma factor, region 3/4	4	0.478468899521531	0.39893513627116	SINMEB_2261, SINMEB_2663, SINMEB_4916, SINMEB_3028	616	18	4890	1.76406926406926	1	1	1
UP_SEQ_FEATURE	DOMAIN:Sigma70_r2	3	0.358851674641148	0.427845209580961	SINMEB_2261, SINMEB_2663, SINMEB_4916	565	11	4346	2.09782783588093	1	1	1
UP_SEQ_FEATURE	DOMAIN:Sigma70_r4_2	3	0.358851674641148	0.474056508949532	SINMEB_2261, SINMEB_2663, SINMEB_4916	565	12	4346	1.92300884955752	1	1	1
INTERPRO	IPR013249:RNA polymerase sigma factor 70, region 4 type 2	3	0.358851674641148	0.54117269224051	SINMEB_2261, SINMEB_2663, SINMEB_4916	616	14	4890	1.7010667903525	1	1	1
												
Annotation Cluster 12	Enrichment Score: 0.4038335296025404											
Category	Term	Count	%	PValue	Genes	List Total	Pop Hits	Pop Total	Fold Enrichment	Bonferroni	Benjamini	FDR
GOTERM_BP_DIRECT	GO:0055085~transmembrane transport	30	3.58851674641148	0.298957795443488	SINMEB_3794, SINMEB_4521, SINMEB_4666, SINMEB_4387, SINMEB_2728, SINMEB_2403, SINMEB_3738, SINMEB_4667, SINMEB_4349, SINMEB_1637, SINMEB_5836, SINMEB_2845, SINMEB_4752, SINMEB_3300, SINMEB_4477, SINMEB_2251, SINMEB_3301, SINMEB_1740, SINMEB_5069, SINMEB_2091, SINMEB_2090, SINMEB_2271, SINMEB_2270, SINMEB_3803, SINMEB_1765, SINMEB_3804, SINMEB_1764, SINMEB_1763, SINMEB_4557, SINMEB_1867	256	207	2016	1.14130434782609	1	1	1
UP_SEQ_FEATURE	DOMAIN:ABC transmembrane type-1	27	3.22966507177034	0.383171829499042	SINMEB_1571, SINMEB_4521, SINMEB_1570, SINMEB_4666, SINMEB_4387, SINMEB_2403, SINMEB_4667, SINMEB_4349, SINMEB_5836, SINMEB_0744, SINMEB_2845, SINMEB_4752, SINMEB_3300, SINMEB_3301, SINMEB_1740, SINMEB_0131, SINMEB_3046, SINMEB_5069, SINMEB_2091, SINMEB_2090, SINMEB_2271, SINMEB_2270, SINMEB_3605, SINMEB_3803, SINMEB_1765, SINMEB_1764, SINMEB_3948	565	187	4346	1.11061473664285	1	1	1
INTERPRO	IPR000515:Binding-protein-dependent transport systems inner membrane component	23	2.7511961722488	0.536408876941539	SINMEB_3300, SINMEB_4752, SINMEB_4521, SINMEB_3301, SINMEB_4666, SINMEB_1740, SINMEB_0131, SINMEB_3046, SINMEB_4387, SINMEB_5069, SINMEB_2091, SINMEB_2090, SINMEB_2271, SINMEB_2270, SINMEB_3803, SINMEB_2403, SINMEB_1765, SINMEB_1764, SINMEB_3948, SINMEB_4667, SINMEB_4349, SINMEB_5836, SINMEB_2845	616	175	4890	1.04332096474954	1	1	1
												
Annotation Cluster 13	Enrichment Score: 0.37484743467604525											
Category	Term	Count	%	PValue	Genes	List Total	Pop Hits	Pop Total	Fold Enrichment	Bonferroni	Benjamini	FDR
INTERPRO	IPR000644:Cystathionine beta-synthase, core	4	0.478468899521531	0.39893513627116	SINMEB_0041, SINMEB_1031, SINMEB_1411, SINMEB_4955	616	18	4890	1.76406926406926	1	1	1
UP_SEQ_FEATURE	DOMAIN:CBS	4	0.478468899521531	0.419589453270365	SINMEB_0041, SINMEB_1031, SINMEB_1411, SINMEB_4955	565	18	4346	1.70934119960669	1	1	1
SMART	SM00116:CBS	3	0.358851674641148	0.448467364203985	SINMEB_1031, SINMEB_1411, SINMEB_4955	134	12	1075	2.00559701492537	1	1	1
												
Annotation Cluster 14	Enrichment Score: 0.347394714239715											
Category	Term	Count	%	PValue	Genes	List Total	Pop Hits	Pop Total	Fold Enrichment	Bonferroni	Benjamini	FDR
GOTERM_BP_DIRECT	GO:0071555~cell wall organization	5	0.598086124401914	0.360858643414777	SINMEB_0211, SINMEB_3430, SINMEB_1403, SINMEB_1995, SINMEB_1279	256	24	2016	1.640625	1	1	1
GOTERM_BP_DIRECT	GO:0009252~peptidoglycan biosynthetic process	7	0.837320574162679	0.394817596276415	SINMEB_0211, SINMEB_3169, SINMEB_0395, SINMEB_0709, SINMEB_1403, SINMEB_1995, SINMEB_1279	256	40	2016	1.378125	1	1	1
GOTERM_BP_DIRECT	GO:0008360~regulation of cell shape	4	0.478468899521531	0.438522361343723	SINMEB_0211, SINMEB_1403, SINMEB_1995, SINMEB_1279	256	19	2016	1.65789473684211	1	1	1
UP_KW_BIOLOGICAL_PROCESS	KW-0573~Peptidoglycan synthesis	4	0.478468899521531	0.445683396643086	SINMEB_0211, SINMEB_1403, SINMEB_1995, SINMEB_1279	192	17	1339	1.64093137254902	1	1	1
UP_KW_BIOLOGICAL_PROCESS	KW-0133~Cell shape	4	0.478468899521531	0.485203425804482	SINMEB_0211, SINMEB_1403, SINMEB_1995, SINMEB_1279	192	18	1339	1.54976851851852	1	1	1
UP_KW_BIOLOGICAL_PROCESS	KW-0961~Cell wall biogenesis/degradation	4	0.478468899521531	0.523336065600418	SINMEB_0211, SINMEB_1403, SINMEB_1995, SINMEB_1279	192	19	1339	1.46820175438596	1	1	1
UP_KW_BIOLOGICAL_PROCESS	KW-9998~Cell wall biogenesis/degradation	4	0.478468899521531	0.523336065600418	SINMEB_0211, SINMEB_1403, SINMEB_1995, SINMEB_1279	192	19	1339	1.46820175438596	1	1	1
												
Annotation Cluster 15	Enrichment Score: 0.34678207989811777											
Category	Term	Count	%	PValue	Genes	List Total	Pop Hits	Pop Total	Fold Enrichment	Bonferroni	Benjamini	FDR
INTERPRO	IPR011701:Major facilitator superfamily	7	0.837320574162679	0.365763831152328	SINMEB_0715, SINMEB_3043, SINMEB_0818, SINMEB_1248, SINMEB_2401, SINMEB_2727, SINMEB_5525	616	39	4890	1.42482517482517	1	1	1
INTERPRO	IPR020846:Major facilitator superfamily domain	7	0.837320574162679	0.483283688142692	SINMEB_0715, SINMEB_3043, SINMEB_0818, SINMEB_1248, SINMEB_2401, SINMEB_2727, SINMEB_5525	616	44	4890	1.2629132231405	1	1	1
UP_SEQ_FEATURE	DOMAIN:MFS	7	0.837320574162679	0.51552634689048	SINMEB_0715, SINMEB_3043, SINMEB_0818, SINMEB_1248, SINMEB_2401, SINMEB_2727, SINMEB_5525	565	44	4346	1.22373290426388	1	1	1
												
Annotation Cluster 16	Enrichment Score: 0.3456332888890674											
Category	Term	Count	%	PValue	Genes	List Total	Pop Hits	Pop Total	Fold Enrichment	Bonferroni	Benjamini	FDR
GOTERM_MF_DIRECT	GO:0005524~ATP binding	61	7.29665071770335	0.315419264596368	SINMEB_1571, SINMEB_1570, SINMEB_3196, SINMEB_0442, SINMEB_2860, SINMEB_2221, SINMEB_0044, SINMEB_0884, SINMEB_2148, SINMEB_0406, SINMEB_5659, SINMEB_1416, SINMEB_4802, SINMEB_4967, SINMEB_1164, SINMEB_1483, SINMEB_2257, SINMEB_4473, SINMEB_3584, SINMEB_1160, SINMEB_0915, SINMEB_2854, SINMEB_1005, SINMEB_1528, SINMEB_3622, SINMEB_4876, SINMEB_0557, SINMEB_0437, SINMEB_4388, SINMEB_2044, SINMEB_4468, SINMEB_2961, SINMEB_1399, SINMEB_5276, SINMEB_2882, SINMEB_3298, SINMEB_2089, SINMEB_1275, SINMEB_3292, SINMEB_0825, SINMEB_2327, SINMEB_0545, SINMEB_1995, SINMEB_1638, SINMEB_0744, SINMEB_1559, SINMEB_1757, SINMEB_1118, SINMEB_2724, SINMEB_1582, SINMEB_2472, SINMEB_1382, SINMEB_3164, SINMEB_2674, SINMEB_3286, SINMEB_6197, SINMEB_3928, SINMEB_0654, SINMEB_3605, SINMEB_3127, SINMEB_2758	430	454	3453	1.0789519516443	1	1	1
UP_KW_LIGAND	KW-0067~ATP-binding	34	4.06698564593301	0.516700397633952	SINMEB_4468, SINMEB_2961, SINMEB_3196, SINMEB_1399, SINMEB_5276, SINMEB_2882, SINMEB_0044, SINMEB_1275, SINMEB_2221, SINMEB_3292, SINMEB_0545, SINMEB_1995, SINMEB_2148, SINMEB_0884, SINMEB_1559, SINMEB_1757, SINMEB_1118, SINMEB_1164, SINMEB_2472, SINMEB_3164, SINMEB_2257, SINMEB_4473, SINMEB_2674, SINMEB_3286, SINMEB_3584, SINMEB_0915, SINMEB_3928, SINMEB_0654, SINMEB_1005, SINMEB_1528, SINMEB_4876, SINMEB_0557, SINMEB_2758, SINMEB_0437	136	239	985	1.03033472803347	0.999999999304533	1	1
UP_KW_LIGAND	KW-0547~Nucleotide-binding	40	4.78468899521531	0.563602774946954	SINMEB_4468, SINMEB_2961, SINMEB_3196, SINMEB_1399, SINMEB_5276, SINMEB_2882, SINMEB_0044, SINMEB_1275, SINMEB_2221, SINMEB_3292, SINMEB_1050, SINMEB_0727, SINMEB_0545, SINMEB_1995, SINMEB_2148, SINMEB_0884, SINMEB_1559, SINMEB_1757, SINMEB_1164, SINMEB_3164, SINMEB_2257, SINMEB_4473, SINMEB_2674, SINMEB_3286, SINMEB_1165, SINMEB_3584, SINMEB_1080, SINMEB_2092, SINMEB_0717, SINMEB_0915, SINMEB_3928, SINMEB_0654, SINMEB_1005, SINMEB_1367, SINMEB_1528, SINMEB_4876, SINMEB_1604, SINMEB_0557, SINMEB_2758, SINMEB_0437	136	287	985	1.00942816150851	0.999999999963977	1	1
												
Annotation Cluster 17	Enrichment Score: 0.34038645423275227											
Category	Term	Count	%	PValue	Genes	List Total	Pop Hits	Pop Total	Fold Enrichment	Bonferroni	Benjamini	FDR
INTERPRO	IPR006913:Glutathione-dependent formaldehyde-activating enzyme/centromere protein V	3	0.358851674641148	0.41135624009297	SINMEB_4476, SINMEB_3456, SINMEB_1602	616	11	4890	2.16499409681228	1	1	1
UP_SEQ_FEATURE	DOMAIN:CENP-V/GFA	3	0.358851674641148	0.427845209580961	SINMEB_4476, SINMEB_3456, SINMEB_1602	565	11	4346	2.09782783588093	1	1	1
INTERPRO	IPR011057:Mss4-like	3	0.358851674641148	0.54117269224051	SINMEB_4476, SINMEB_3456, SINMEB_1602	616	14	4890	1.7010667903525	1	1	1
												
Annotation Cluster 18	Enrichment Score: 0.32384217650316693											
Category	Term	Count	%	PValue	Genes	List Total	Pop Hits	Pop Total	Fold Enrichment	Bonferroni	Benjamini	FDR
GOTERM_MF_DIRECT	GO:0016787~hydrolase activity	36	4.30622009569378	0.122402938823628	SINMEB_2044, SINMEB_4388, SINMEB_1571, SINMEB_1570, SINMEB_4242, SINMEB_0442, SINMEB_2860, SINMEB_3298, SINMEB_1495, SINMEB_2089, SINMEB_2327, SINMEB_6706, SINMEB_1511, SINMEB_1775, SINMEB_2864, SINMEB_1638, SINMEB_0725, SINMEB_1416, SINMEB_0744, SINMEB_0448, SINMEB_4802, SINMEB_4967, SINMEB_1582, SINMEB_2257, SINMEB_0376, SINMEB_6498, SINMEB_1160, SINMEB_0915, SINMEB_3605, SINMEB_2854, SINMEB_2039, SINMEB_3127, SINMEB_3622, SINMEB_2758, SINMEB_4218, SINMEB_3647	430	232	3453	1.24607056936648	1	1	1
GOTERM_MF_DIRECT	GO:0042626~ATPase activity, coupled to transmembrane movement of substances	21	2.51196172248804	0.306638564853497	SINMEB_1483, SINMEB_1582, SINMEB_2044, SINMEB_1571, SINMEB_1570, SINMEB_3298, SINMEB_2089, SINMEB_1160, SINMEB_0915, SINMEB_2855, SINMEB_2327, SINMEB_2854, SINMEB_3605, SINMEB_3127, SINMEB_3622, SINMEB_1638, SINMEB_1416, SINMEB_0744, SINMEB_2856, SINMEB_4967, SINMEB_4802	430	142	3453	1.18756960366852	1	1	1
GOTERM_MF_DIRECT	GO:0005524~ATP binding	61	7.29665071770335	0.315419264596368	SINMEB_1571, SINMEB_1570, SINMEB_3196, SINMEB_0442, SINMEB_2860, SINMEB_2221, SINMEB_0044, SINMEB_0884, SINMEB_2148, SINMEB_0406, SINMEB_5659, SINMEB_1416, SINMEB_4802, SINMEB_4967, SINMEB_1164, SINMEB_1483, SINMEB_2257, SINMEB_4473, SINMEB_3584, SINMEB_1160, SINMEB_0915, SINMEB_2854, SINMEB_1005, SINMEB_1528, SINMEB_3622, SINMEB_4876, SINMEB_0557, SINMEB_0437, SINMEB_4388, SINMEB_2044, SINMEB_4468, SINMEB_2961, SINMEB_1399, SINMEB_5276, SINMEB_2882, SINMEB_3298, SINMEB_2089, SINMEB_1275, SINMEB_3292, SINMEB_0825, SINMEB_2327, SINMEB_0545, SINMEB_1995, SINMEB_1638, SINMEB_0744, SINMEB_1559, SINMEB_1757, SINMEB_1118, SINMEB_2724, SINMEB_1582, SINMEB_2472, SINMEB_1382, SINMEB_3164, SINMEB_2674, SINMEB_3286, SINMEB_6197, SINMEB_3928, SINMEB_0654, SINMEB_3605, SINMEB_3127, SINMEB_2758	430	454	3453	1.0789519516443	1	1	1
INTERPRO	IPR008995:Molybdate/tungstate binding, C-terminal	8	0.956937799043062	0.334802764509064	SINMEB_4388, SINMEB_2044, SINMEB_3298, SINMEB_2089, SINMEB_2327, SINMEB_1160, SINMEB_3622, SINMEB_2758	616	45	4890	1.41125541125541	1	1	1
SMART	SM00382:AAA	29	3.4688995215311	0.535160359169628	SINMEB_2044, SINMEB_4388, SINMEB_1571, SINMEB_1570, SINMEB_2961, SINMEB_3298, SINMEB_2089, SINMEB_3292, SINMEB_2327, SINMEB_0884, SINMEB_1638, SINMEB_5659, SINMEB_1416, SINMEB_0744, SINMEB_4802, SINMEB_1118, SINMEB_4967, SINMEB_1582, SINMEB_1483, SINMEB_3164, SINMEB_2257, SINMEB_4473, SINMEB_1160, SINMEB_0915, SINMEB_3605, SINMEB_2854, SINMEB_3127, SINMEB_3622, SINMEB_2758	134	226	1075	1.02942147668736	1	1	1
INTERPRO	IPR003593:AAA+ ATPase domain	29	3.4688995215311	0.566295399683118	SINMEB_2044, SINMEB_4388, SINMEB_1571, SINMEB_1570, SINMEB_2961, SINMEB_3298, SINMEB_2089, SINMEB_3292, SINMEB_2327, SINMEB_0884, SINMEB_1638, SINMEB_5659, SINMEB_1416, SINMEB_0744, SINMEB_4802, SINMEB_1118, SINMEB_4967, SINMEB_1582, SINMEB_1483, SINMEB_3164, SINMEB_2257, SINMEB_4473, SINMEB_1160, SINMEB_0915, SINMEB_3605, SINMEB_2854, SINMEB_3127, SINMEB_3622, SINMEB_2758	616	226	4890	1.01863291575681	1	1	1
INTERPRO	IPR027417:P-loop containing nucleoside triphosphate hydrolase	44	5.26315789473684	0.66413842192118	SINMEB_2044, SINMEB_4388, SINMEB_1571, SINMEB_1570, SINMEB_1095, SINMEB_4468, SINMEB_2961, SINMEB_1399, SINMEB_1277, SINMEB_0442, SINMEB_2221, SINMEB_3298, SINMEB_2089, SINMEB_3292, SINMEB_2327, SINMEB_4727, SINMEB_0545, SINMEB_0884, SINMEB_1638, SINMEB_1857, SINMEB_5659, SINMEB_1416, SINMEB_0744, SINMEB_1757, SINMEB_4802, SINMEB_1118, SINMEB_4967, SINMEB_1582, SINMEB_1483, SINMEB_3164, SINMEB_2257, SINMEB_4473, SINMEB_2034, SINMEB_6197, SINMEB_1160, SINMEB_0915, SINMEB_3605, SINMEB_2854, SINMEB_2952, SINMEB_1005, SINMEB_3127, SINMEB_3622, SINMEB_4876, SINMEB_2758	616	359	4890	0.972940708316753	1	1	1
INTERPRO	IPR017871:ABC transporter, conserved site	21	2.51196172248804	0.683732261848927	SINMEB_1483, SINMEB_1582, SINMEB_2044, SINMEB_1571, SINMEB_1570, SINMEB_2257, SINMEB_3298, SINMEB_2089, SINMEB_1160, SINMEB_0915, SINMEB_2327, SINMEB_2854, SINMEB_3605, SINMEB_3127, SINMEB_3622, SINMEB_1638, SINMEB_1416, SINMEB_2758, SINMEB_0744, SINMEB_4967, SINMEB_4802	616	172	4890	0.969212473572938	1	1	1
UP_SEQ_FEATURE	NP_BIND:ATP	34	4.06698564593301	0.756581557213602	SINMEB_2044, SINMEB_4388, SINMEB_1571, SINMEB_1570, SINMEB_4468, SINMEB_2961, SINMEB_5276, SINMEB_0442, SINMEB_2882, SINMEB_3298, SINMEB_2089, SINMEB_3292, SINMEB_2327, SINMEB_0545, SINMEB_1995, SINMEB_0884, SINMEB_1638, SINMEB_1416, SINMEB_0744, SINMEB_4802, SINMEB_4967, SINMEB_1582, SINMEB_1164, SINMEB_1483, SINMEB_3164, SINMEB_2257, SINMEB_1160, SINMEB_0915, SINMEB_3605, SINMEB_2854, SINMEB_1005, SINMEB_3127, SINMEB_3622, SINMEB_2758	565	280	4346	0.934032869785082	1	1	1
INTERPRO	IPR003439:ABC transporter-like	22	2.63157894736842	0.796218497899097	SINMEB_1483, SINMEB_1582, SINMEB_2044, SINMEB_4388, SINMEB_1571, SINMEB_1570, SINMEB_2257, SINMEB_3298, SINMEB_2089, SINMEB_1160, SINMEB_0915, SINMEB_2327, SINMEB_2854, SINMEB_3605, SINMEB_3127, SINMEB_3622, SINMEB_1638, SINMEB_1416, SINMEB_2758, SINMEB_0744, SINMEB_4967, SINMEB_4802	616	193	4890	0.904885270170244	1	1	1
UP_SEQ_FEATURE	DOMAIN:ABC transporter	22	2.63157894736842	0.833835781169216	SINMEB_1483, SINMEB_1582, SINMEB_2044, SINMEB_4388, SINMEB_1571, SINMEB_1570, SINMEB_2257, SINMEB_3298, SINMEB_2089, SINMEB_1160, SINMEB_0915, SINMEB_2327, SINMEB_2854, SINMEB_3605, SINMEB_3127, SINMEB_3622, SINMEB_1638, SINMEB_1416, SINMEB_2758, SINMEB_0744, SINMEB_4967, SINMEB_4802	565	192	4346	0.881379056047198	1	1	1
												
Annotation Cluster 19	Enrichment Score: 0.32278402560217057											
Category	Term	Count	%	PValue	Genes	List Total	Pop Hits	Pop Total	Fold Enrichment	Bonferroni	Benjamini	FDR
GOTERM_MF_DIRECT	GO:0050661~NADP binding	6	0.717703349282297	0.191272672874062	SINMEB_3209, SINMEB_0311, SINMEB_4811, SINMEB_1604, SINMEB_1889, SINMEB_3082	430	25	3453	1.92725581395349	1	1	1
UP_KW_LIGAND	KW-0521~NADP	8	0.956937799043062	0.723103339618269	SINMEB_1175, SINMEB_1382, SINMEB_1057, SINMEB_2178, SINMEB_0311, SINMEB_1604, SINMEB_1889, SINMEB_3082	136	59	985	0.982053838484546	1	1	1
UP_SEQ_FEATURE	BINDING:NADP	3	0.358851674641148	0.777668716963597	SINMEB_0311, SINMEB_1889, SINMEB_3082	565	21	4346	1.09886219974716	1	1	1
												
Annotation Cluster 20	Enrichment Score: 0.3214935801478437											
Category	Term	Count	%	PValue	Genes	List Total	Pop Hits	Pop Total	Fold Enrichment	Bonferroni	Benjamini	FDR
GOTERM_BP_DIRECT	GO:0009252~peptidoglycan biosynthetic process	7	0.837320574162679	0.394817596276415	SINMEB_0211, SINMEB_3169, SINMEB_0395, SINMEB_0709, SINMEB_1403, SINMEB_1995, SINMEB_1279	256	40	2016	1.378125	1	1	1
UP_SEQ_FEATURE	DOMAIN:YkuD	3	0.358851674641148	0.474056508949532	SINMEB_3169, SINMEB_0395, SINMEB_0709	565	12	4346	1.92300884955752	1	1	1
INTERPRO	IPR005490:L,D-transpeptidase catalytic domain	3	0.358851674641148	0.579819270890993	SINMEB_3169, SINMEB_0395, SINMEB_0709	616	15	4890	1.58766233766234	1	1	1
												
Annotation Cluster 21	Enrichment Score: 0.304374196229723											
Category	Term	Count	%	PValue	Genes	List Total	Pop Hits	Pop Total	Fold Enrichment	Bonferroni	Benjamini	FDR
GOTERM_MF_DIRECT	GO:0004022~alcohol dehydrogenase (NAD) activity	3	0.358851674641148	0.261248526981529	SINMEB_4424, SINMEB_0584, SINMEB_1750	430	8	3453	3.01133720930233	1	1	1
INTERPRO	IPR011032:GroES-like	6	0.717703349282297	0.42848085409519	SINMEB_4424, SINMEB_0496, SINMEB_0584, SINMEB_1750, SINMEB_4493, SINMEB_0406	616	34	4890	1.40087853323147	1	1	1
INTERPRO	IPR013154:Alcohol dehydrogenase GroES-like	5	0.598086124401914	0.504298972201216	SINMEB_4424, SINMEB_0496, SINMEB_0584, SINMEB_1750, SINMEB_4493	616	29	4890	1.36867442901926	1	1	1
SMART	SM00829:SM00829	4	0.478468899521531	0.524965898263957	SINMEB_4424, SINMEB_0496, SINMEB_0584, SINMEB_1750	134	22	1075	1.45861601085482	1	1	1
UP_SEQ_FEATURE	DOMAIN:PKS_ER	4	0.478468899521531	0.525215129304591	SINMEB_4424, SINMEB_0496, SINMEB_0584, SINMEB_1750	565	21	4346	1.46514959966287	1	1	1
INTERPRO	IPR020843:Polyketide synthase, enoylreductase	4	0.478468899521531	0.535420610688176	SINMEB_4424, SINMEB_0496, SINMEB_0584, SINMEB_1750	616	22	4890	1.44332939787485	1	1	1
INTERPRO	IPR002328:Alcohol dehydrogenase, zinc-type, conserved site	3	0.358851674641148	0.649776958668581	SINMEB_4424, SINMEB_0584, SINMEB_4493	616	17	4890	1.40087853323147	1	1	1
INTERPRO	IPR013149:Alcohol dehydrogenase, C-terminal	4	0.478468899521531	0.678274302043526	SINMEB_4424, SINMEB_0584, SINMEB_1750, SINMEB_4493	616	27	4890	1.17604617604618	1	1	1
												
Annotation Cluster 22	Enrichment Score: 0.29359339911549026											
Category	Term	Count	%	PValue	Genes	List Total	Pop Hits	Pop Total	Fold Enrichment	Bonferroni	Benjamini	FDR
UP_SEQ_FEATURE	METAL:Magnesium 1	4	0.478468899521531	0.382563384167155	SINMEB_3196, SINMEB_2723, SINMEB_1528, SINMEB_1889	565	17	4346	1.80989068193649	1	1	1
UP_SEQ_FEATURE	METAL:Magnesium 2	4	0.478468899521531	0.382563384167155	SINMEB_3196, SINMEB_2723, SINMEB_1528, SINMEB_1889	565	17	4346	1.80989068193649	1	1	1
GOTERM_MF_DIRECT	GO:0000287~magnesium ion binding	7	0.837320574162679	0.899110359294915	SINMEB_2882, SINMEB_1403, SINMEB_2723, SINMEB_1049, SINMEB_4471, SINMEB_1528, SINMEB_1889	430	72	3453	0.780717054263566	1	1	1
												
Annotation Cluster 23	Enrichment Score: 0.2733136333277687											
Category	Term	Count	%	PValue	Genes	List Total	Pop Hits	Pop Total	Fold Enrichment	Bonferroni	Benjamini	FDR
INTERPRO	IPR013815:ATP-grasp fold, subdomain 1	3	0.358851674641148	0.500126324370489	SINMEB_3928, SINMEB_2882, SINMEB_1995	616	13	4890	1.83191808191808	1	1	1
INTERPRO	IPR011761:ATP-grasp fold	3	0.358851674641148	0.54117269224051	SINMEB_3928, SINMEB_2882, SINMEB_1995	616	14	4890	1.7010667903525	1	1	1
UP_SEQ_FEATURE	DOMAIN:ATP-grasp	3	0.358851674641148	0.559298316062813	SINMEB_3928, SINMEB_2882, SINMEB_1995	565	14	4346	1.64829329962073	1	1	1
												
Annotation Cluster 24	Enrichment Score: 0.25741718289019566											
Category	Term	Count	%	PValue	Genes	List Total	Pop Hits	Pop Total	Fold Enrichment	Bonferroni	Benjamini	FDR
UP_KW_PTM	KW-0597~Phosphoprotein	14	1.67464114832536	0.445514864753174	SINMEB_6358, SINMEB_5456, SINMEB_2263, SINMEB_4499, SINMEB_3286, SINMEB_6173, SINMEB_3150, SINMEB_0643, SINMEB_0644, SINMEB_0636, SINMEB_0329, SINMEB_6625, SINMEB_0635, SINMEB_0646	25	100	197	1.1032	0.905472182258384	1	1
SMART	SM00448:REC	9	1.07655502392345	0.48940370264858	SINMEB_6358, SINMEB_5456, SINMEB_2263, SINMEB_4499, SINMEB_0643, SINMEB_6173, SINMEB_3150, SINMEB_6625, SINMEB_0635	134	61	1075	1.18363102520186	1	1	1
INTERPRO	IPR011006:CheY-like superfamily	10	1.19617224880383	0.489550803208281	SINMEB_6358, SINMEB_5456, SINMEB_2263, SINMEB_4499, SINMEB_1766, SINMEB_0643, SINMEB_6173, SINMEB_3150, SINMEB_6625, SINMEB_0635	616	68	4890	1.1673987776929	1	1	1
INTERPRO	IPR016032:Signal transduction response regulator, C-terminal effector	5	0.598086124401914	0.55919058040856	SINMEB_2066, SINMEB_6358, SINMEB_6173, SINMEB_3150, SINMEB_0635	616	31	4890	1.2803728529535	1	1	1
SMART	SM00862:SM00862	3	0.358851674641148	0.571579772191222	SINMEB_0643, SINMEB_3150, SINMEB_0635	134	15	1075	1.6044776119403	1	1	1
GOTERM_BP_DIRECT	GO:0000160~phosphorelay signal transduction system	8	0.956937799043062	0.575637191625574	SINMEB_6358, SINMEB_5456, SINMEB_2263, SINMEB_0643, SINMEB_6173, SINMEB_3150, SINMEB_6625, SINMEB_0635	256	56	2016	1.125	1	1	1
INTERPRO	IPR001867:Signal transduction response regulator, C-terminal	3	0.358851674641148	0.579819270890993	SINMEB_0643, SINMEB_3150, SINMEB_0635	616	15	4890	1.58766233766234	1	1	1
INTERPRO	IPR001789:Signal transduction response regulator, receiver domain	9	1.07655502392345	0.583067438125374	SINMEB_6358, SINMEB_5456, SINMEB_2263, SINMEB_4499, SINMEB_0643, SINMEB_6173, SINMEB_3150, SINMEB_6625, SINMEB_0635	616	65	4890	1.09915084915085	1	1	1
UP_SEQ_FEATURE	DOMAIN:OmpR/PhoB-type	3	0.358851674641148	0.598067535162129	SINMEB_0643, SINMEB_3150, SINMEB_0635	565	15	4346	1.53840707964602	1	1	1
UP_SEQ_FEATURE	DNA_BIND:OmpR/PhoB-type	3	0.358851674641148	0.598067535162129	SINMEB_0643, SINMEB_3150, SINMEB_0635	565	15	4346	1.53840707964602	1	1	1
UP_SEQ_FEATURE	DOMAIN:Response regulatory	9	1.07655502392345	0.620563655305218	SINMEB_6358, SINMEB_5456, SINMEB_2263, SINMEB_4499, SINMEB_0643, SINMEB_6173, SINMEB_3150, SINMEB_6625, SINMEB_0635	565	65	4346	1.06505105513955	1	1	1
												
Annotation Cluster 25	Enrichment Score: 0.2541901250115191											
Category	Term	Count	%	PValue	Genes	List Total	Pop Hits	Pop Total	Fold Enrichment	Bonferroni	Benjamini	FDR
GOTERM_MF_DIRECT	GO:0000166~nucleotide binding	9	1.07655502392345	0.222162366154351	SINMEB_3299, SINMEB_3401, SINMEB_2881, SINMEB_1165, SINMEB_2965, SINMEB_1369, SINMEB_0103, SINMEB_1367, SINMEB_2092	430	47	3453	1.53770410687778	1	1	1
INTERPRO	IPR004104:Oxidoreductase, C-terminal	3	0.358851674641148	0.710154625298365	SINMEB_3299, SINMEB_3401, SINMEB_2965	616	19	4890	1.25341763499658	1	1	1
UP_SEQ_FEATURE	DOMAIN:GFO_IDH_MocA	3	0.358851674641148	0.777668716963597	SINMEB_3299, SINMEB_3401, SINMEB_2965	565	21	4346	1.09886219974716	1	1	1
INTERPRO	IPR000683:Oxidoreductase, N-terminal	3	0.358851674641148	0.784190286679203	SINMEB_3299, SINMEB_3401, SINMEB_2965	616	22	4890	1.08249704840614	1	1	1
												
Annotation Cluster 26	Enrichment Score: 0.24917260878917027											
Category	Term	Count	%	PValue	Genes	List Total	Pop Hits	Pop Total	Fold Enrichment	Bonferroni	Benjamini	FDR
UP_KW_LIGAND	KW-0186~Copper	4	0.478468899521531	0.457341630173923	SINMEB_2345, SINMEB_6185, SINMEB_2346, SINMEB_0516	136	18	985	1.60947712418301	0.999999979989006	1	1
INTERPRO	IPR008972:Cupredoxin	3	0.358851674641148	0.579819270890993	SINMEB_2345, SINMEB_6185, SINMEB_0516	616	15	4890	1.58766233766234	1	1	1
GOTERM_MF_DIRECT	GO:0005507~copper ion binding	3	0.358851674641148	0.674448499341168	SINMEB_2345, SINMEB_6185, SINMEB_0516	430	18	3453	1.33837209302326	1	1	1
												
Annotation Cluster 27	Enrichment Score: 0.24314201660126622											
Category	Term	Count	%	PValue	Genes	List Total	Pop Hits	Pop Total	Fold Enrichment	Bonferroni	Benjamini	FDR
INTERPRO	IPR017900:4Fe-4S ferredoxin, iron-sulphur binding, conserved site	3	0.358851674641148	0.54117269224051	SINMEB_2275, SINMEB_2835, SINMEB_2405	616	14	4890	1.7010667903525	1	1	1
UP_SEQ_FEATURE	DOMAIN:4Fe-4S ferredoxin-type	3	0.358851674641148	0.559298316062813	SINMEB_2275, SINMEB_2835, SINMEB_2405	565	14	4346	1.64829329962073	1	1	1
INTERPRO	IPR017896:4Fe-4S ferredoxin-type, iron-sulpur binding domain	3	0.358851674641148	0.616019648518706	SINMEB_2275, SINMEB_2835, SINMEB_2405	616	16	4890	1.48843344155844	1	1	1
												
Annotation Cluster 28	Enrichment Score: 0.24026057345470636											
Category	Term	Count	%	PValue	Genes	List Total	Pop Hits	Pop Total	Fold Enrichment	Bonferroni	Benjamini	FDR
GOTERM_BP_DIRECT	GO:0006749~glutathione metabolic process	5	0.598086124401914	0.330366638717384	SINMEB_1454, SINMEB_3037, SINMEB_0572, SINMEB_3409, SINMEB_1604	256	23	2016	1.71195652173913	1	1	1
GOTERM_MF_DIRECT	GO:0004364~glutathione transferase activity	3	0.358851674641148	0.64296140343267	SINMEB_3037, SINMEB_0572, SINMEB_3409	430	17	3453	1.41709986320109	1	1	1
UP_SEQ_FEATURE	DOMAIN:GST N-terminal	3	0.358851674641148	0.698792037965054	SINMEB_3037, SINMEB_0572, SINMEB_3409	565	18	4346	1.28200589970501	1	1	1
INTERPRO	IPR004045:Glutathione S-transferase, N-terminal	3	0.358851674641148	0.736934129230924	SINMEB_3037, SINMEB_0572, SINMEB_3409	616	20	4890	1.19074675324675	1	1	1
												
Annotation Cluster 29	Enrichment Score: 0.23000801575603858											
Category	Term	Count	%	PValue	Genes	List Total	Pop Hits	Pop Total	Fold Enrichment	Bonferroni	Benjamini	FDR
INTERPRO	IPR001647:DNA-binding HTH domain, TetR-type	5	0.598086124401914	0.475746850336819	SINMEB_3224, SINMEB_2279, SINMEB_3791, SINMEB_0564, SINMEB_4327	616	28	4890	1.41755565862709	1	1	1
UP_SEQ_FEATURE	DOMAIN:HTH tetR-type	5	0.598086124401914	0.501590891285126	SINMEB_3224, SINMEB_2279, SINMEB_3791, SINMEB_0564, SINMEB_4327	565	28	4346	1.37357774968394	1	1	1
UP_SEQ_FEATURE	DNA_BIND:H-T-H motif	7	0.837320574162679	0.625535229317448	SINMEB_3224, SINMEB_2279, SINMEB_3791, SINMEB_6173, SINMEB_0564, SINMEB_1236, SINMEB_4327	565	49	4346	1.09886219974716	1	1	1
INTERPRO	IPR009057:Homeodomain-like	11	1.31578947368421	0.805361010218718	SINMEB_3224, SINMEB_3521, SINMEB_2279, SINMEB_3791, SINMEB_2046, SINMEB_0564, SINMEB_0752, SINMEB_2040, SINMEB_4327, SINMEB_1900, SINMEB_3317	616	98	4890	0.89103498542274	1	1	1
												
Annotation Cluster 30	Enrichment Score: 0.18960522005643016											
Category	Term	Count	%	PValue	Genes	List Total	Pop Hits	Pop Total	Fold Enrichment	Bonferroni	Benjamini	FDR
INTERPRO	IPR001041:2Fe-2S ferredoxin-type domain	5	0.598086124401914	0.446589757783969	SINMEB_4331, SINMEB_2820, SINMEB_1803, SINMEB_2835, SINMEB_6270	616	27	4890	1.47005772005772	1	1	1
UP_SEQ_FEATURE	DOMAIN:2Fe-2S ferredoxin-type	4	0.478468899521531	0.674640893526107	SINMEB_4331, SINMEB_2820, SINMEB_1803, SINMEB_2835	565	26	4346	1.18339006126617	1	1	1
INTERPRO	IPR012675:Beta-grasp domain	3	0.358851674641148	0.895783211347702	SINMEB_4331, SINMEB_2820, SINMEB_1803	616	29	4890	0.821204657411554	1	1	1
												
Annotation Cluster 31	Enrichment Score: 0.1822472643252078											
Category	Term	Count	%	PValue	Genes	List Total	Pop Hits	Pop Total	Fold Enrichment	Bonferroni	Benjamini	FDR
UP_KW_PTM	KW-0597~Phosphoprotein	14	1.67464114832536	0.445514864753174	SINMEB_6358, SINMEB_5456, SINMEB_2263, SINMEB_4499, SINMEB_3286, SINMEB_6173, SINMEB_3150, SINMEB_0643, SINMEB_0644, SINMEB_0636, SINMEB_0329, SINMEB_6625, SINMEB_0635, SINMEB_0646	25	100	197	1.1032	0.905472182258384	1	1
INTERPRO	IPR004358:Signal transduction histidine kinase-related protein, C-terminal	5	0.598086124401914	0.585370937828366	SINMEB_4499, SINMEB_0644, SINMEB_0636, SINMEB_0329, SINMEB_0646	616	32	4890	1.2403612012987	1	1	1
INTERPRO	IPR005467:Signal transduction histidine kinase, core	5	0.598086124401914	0.610626224483132	SINMEB_4499, SINMEB_0644, SINMEB_0636, SINMEB_0329, SINMEB_0646	616	33	4890	1.20277449822904	1	1	1
UP_SEQ_FEATURE	DOMAIN:Histidine kinase	5	0.598086124401914	0.636745113633983	SINMEB_4499, SINMEB_0644, SINMEB_0636, SINMEB_0329, SINMEB_0646	565	33	4346	1.16545990882274	1	1	1
SMART	SM00387:HATPase_c	5	0.598086124401914	0.712898096742345	SINMEB_4499, SINMEB_0644, SINMEB_0636, SINMEB_0329, SINMEB_0646	134	38	1075	1.05557737627651	1	1	1
SMART	SM00388:HisKA	4	0.478468899521531	0.717447867581801	SINMEB_4499, SINMEB_0644, SINMEB_0329, SINMEB_0646	134	29	1075	1.10653628409676	1	1	1
INTERPRO	IPR003594:Histidine kinase-like ATPase, ATP-binding domain	5	0.598086124401914	0.721883247835757	SINMEB_4499, SINMEB_0644, SINMEB_0636, SINMEB_0329, SINMEB_0646	616	38	4890	1.04451469583049	1	1	1
INTERPRO	IPR003661:Signal transduction histidine kinase, subgroup 1, dimerisation/phosphoacceptor domain	4	0.478468899521531	0.725455899025189	SINMEB_4499, SINMEB_0644, SINMEB_0329, SINMEB_0646	616	29	4890	1.09493954321541	1	1	1
GOTERM_MF_DIRECT	GO:0000155~phosphorelay sensor kinase activity	4	0.478468899521531	0.843032675043389	SINMEB_4499, SINMEB_0644, SINMEB_0329, SINMEB_0646	430	36	3453	0.892248062015504	1	1	1
												
Annotation Cluster 32	Enrichment Score: 0.1778018586730203											
Category	Term	Count	%	PValue	Genes	List Total	Pop Hits	Pop Total	Fold Enrichment	Bonferroni	Benjamini	FDR
UP_KW_CELLULAR_COMPONENT	KW-0472~Membrane	174	20.8133971291866	0.426520702550863	SINMEB_1131, SINMEB_3794, SINMEB_4521, SINMEB_3311, SINMEB_0163, SINMEB_5733, SINMEB_2345, SINMEB_0166, SINMEB_2344, SINMEB_2860, SINMEB_1650, SINMEB_4640, SINMEB_1414, SINMEB_2348, SINMEB_2347, SINMEB_2864, SINMEB_2501, SINMEB_2346, SINMEB_0964, SINMEB_4801, SINMEB_0602, SINMEB_0448, SINMEB_1415, SINMEB_3300, SINMEB_4477, SINMEB_4752, SINMEB_3301, SINMEB_0715, SINMEB_1524, SINMEB_2855, SINMEB_2217, SINMEB_1248, SINMEB_4639, SINMEB_1765, SINMEB_1764, SINMEB_3948, SINMEB_1004, SINMEB_4876, SINMEB_3788, SINMEB_2856, SINMEB_3211, SINMEB_4388, SINMEB_1031, SINMEB_4301, SINMEB_4302, SINMEB_4666, SINMEB_5473, SINMEB_3298, SINMEB_4387, SINMEB_2485, SINMEB_5472, SINMEB_3052, SINMEB_2403, SINMEB_0861, SINMEB_1797, SINMEB_0620, SINMEB_2401, SINMEB_3739, SINMEB_1279, SINMEB_0741, SINMEB_0108, SINMEB_4667, SINMEB_3734, SINMEB_0744, SINMEB_1261, SINMEB_3202, SINMEB_3043, SINMEB_5502, SINMEB_2477, SINMEB_1144, SINMEB_5344, SINMEB_5069, SINMEB_3046, SINMEB_1826, SINMEB_3726, SINMEB_3605, SINMEB_2758, SINMEB_0579, SINMEB_3078, SINMEB_0085, SINMEB_1571, SINMEB_3355, SINMEB_1570, SINMEB_1052, SINMEB_3592, SINMEB_4442, SINMEB_3199, SINMEB_0080, SINMEB_0644, SINMEB_4728, SINMEB_1851, SINMEB_2947, SINMEB_4601, SINMEB_0648, SINMEB_4328, SINMEB_0646, SINMEB_4795, SINMEB_3740, SINMEB_0075, SINMEB_1162, SINMEB_2251, SINMEB_2257, SINMEB_0354, SINMEB_0112, SINMEB_2256, SINMEB_4794, SINMEB_5366, SINMEB_2091, SINMEB_2090, SINMEB_4272, SINMEB_6176, SINMEB_1160, SINMEB_0915, SINMEB_2819, SINMEB_2898, SINMEB_0355, SINMEB_2259, SINMEB_2017, SINMEB_0356, SINMEB_2258, SINMEB_1961, SINMEB_0636, SINMEB_3622, SINMEB_5525, SINMEB_6614, SINMEB_0516, SINMEB_0910, SINMEB_6616, SINMEB_3255, SINMEB_0380, SINMEB_2961, SINMEB_3252, SINMEB_5390, SINMEB_0827, SINMEB_0707, SINMEB_0825, SINMEB_2728, SINMEB_1996, SINMEB_2204, SINMEB_0669, SINMEB_2727, SINMEB_2847, SINMEB_1637, SINMEB_4349, SINMEB_5836, SINMEB_2967, SINMEB_2208, SINMEB_1636, SINMEB_2845, SINMEB_3244, SINMEB_2153, SINMEB_3087, SINMEB_6354, SINMEB_1740, SINMEB_1069, SINMEB_0376, SINMEB_3004, SINMEB_0131, SINMEB_1583, SINMEB_6355, SINMEB_3243, SINMEB_2271, SINMEB_2270, SINMEB_0818, SINMEB_3809, SINMEB_2712, SINMEB_3803, SINMEB_0017, SINMEB_3128, SINMEB_2038, SINMEB_3248, SINMEB_1901, SINMEB_0934, SINMEB_1624	231	1319	1771	1.01137225170584	0.999583851413917	1	1
UP_SEQ_FEATURE	TRANSMEM:Helical	144	17.2248803827751	0.545382778155416	SINMEB_1131, SINMEB_3794, SINMEB_4521, SINMEB_3311, SINMEB_0163, SINMEB_5733, SINMEB_2345, SINMEB_0166, SINMEB_1650, SINMEB_4640, SINMEB_1414, SINMEB_2348, SINMEB_2347, SINMEB_2501, SINMEB_2346, SINMEB_1411, SINMEB_4801, SINMEB_0602, SINMEB_0448, SINMEB_1415, SINMEB_3300, SINMEB_4477, SINMEB_4752, SINMEB_3301, SINMEB_0715, SINMEB_2855, SINMEB_2217, SINMEB_1248, SINMEB_4639, SINMEB_1765, SINMEB_1764, SINMEB_3948, SINMEB_1004, SINMEB_3788, SINMEB_2856, SINMEB_3211, SINMEB_1031, SINMEB_4301, SINMEB_4302, SINMEB_4666, SINMEB_5473, SINMEB_4387, SINMEB_2485, SINMEB_5472, SINMEB_3052, SINMEB_2403, SINMEB_1797, SINMEB_0620, SINMEB_2401, SINMEB_3739, SINMEB_0741, SINMEB_0108, SINMEB_4667, SINMEB_3734, SINMEB_0744, SINMEB_1261, SINMEB_3202, SINMEB_3043, SINMEB_5502, SINMEB_1144, SINMEB_5344, SINMEB_5069, SINMEB_3046, SINMEB_3726, SINMEB_3605, SINMEB_3078, SINMEB_1571, SINMEB_3355, SINMEB_1570, SINMEB_3592, SINMEB_4442, SINMEB_3199, SINMEB_0080, SINMEB_0644, SINMEB_4728, SINMEB_1851, SINMEB_2947, SINMEB_4601, SINMEB_0648, SINMEB_0646, SINMEB_4795, SINMEB_3740, SINMEB_0075, SINMEB_1162, SINMEB_0354, SINMEB_0112, SINMEB_2256, SINMEB_4794, SINMEB_5366, SINMEB_2091, SINMEB_2090, SINMEB_4272, SINMEB_6176, SINMEB_2898, SINMEB_0355, SINMEB_2259, SINMEB_2017, SINMEB_0356, SINMEB_2258, SINMEB_1961, SINMEB_0636, SINMEB_5525, SINMEB_6614, SINMEB_0516, SINMEB_0910, SINMEB_6616, SINMEB_0380, SINMEB_2961, SINMEB_3252, SINMEB_5390, SINMEB_0827, SINMEB_2728, SINMEB_1996, SINMEB_2204, SINMEB_2727, SINMEB_2847, SINMEB_1637, SINMEB_4349, SINMEB_5836, SINMEB_2967, SINMEB_2208, SINMEB_1636, SINMEB_2845, SINMEB_2153, SINMEB_3087, SINMEB_6354, SINMEB_1740, SINMEB_1069, SINMEB_0376, SINMEB_3004, SINMEB_0131, SINMEB_1583, SINMEB_6355, SINMEB_3243, SINMEB_2271, SINMEB_2270, SINMEB_0818, SINMEB_3809, SINMEB_3803, SINMEB_0017, SINMEB_3128, SINMEB_2038, SINMEB_0934, SINMEB_1624	565	1107	4346	1.00058997050148	1	1	1
GOTERM_CC_DIRECT	GO:0016021~integral component of membrane	153	18.3014354066986	0.587988218176919	SINMEB_1131, SINMEB_4521, SINMEB_3311, SINMEB_0163, SINMEB_5733, SINMEB_2345, SINMEB_0166, SINMEB_2344, SINMEB_1650, SINMEB_4640, SINMEB_1414, SINMEB_2348, SINMEB_2347, SINMEB_2346, SINMEB_1411, SINMEB_0964, SINMEB_4801, SINMEB_0602, SINMEB_0448, SINMEB_1415, SINMEB_3300, SINMEB_4752, SINMEB_3301, SINMEB_0715, SINMEB_1524, SINMEB_2217, SINMEB_1248, SINMEB_4639, SINMEB_1765, SINMEB_1764, SINMEB_3948, SINMEB_1004, SINMEB_3788, SINMEB_3211, SINMEB_1031, SINMEB_4301, SINMEB_4302, SINMEB_4666, SINMEB_5473, SINMEB_4387, SINMEB_2485, SINMEB_5472, SINMEB_3052, SINMEB_2403, SINMEB_0861, SINMEB_1797, SINMEB_0620, SINMEB_2401, SINMEB_3739, SINMEB_1279, SINMEB_0108, SINMEB_4667, SINMEB_3734, SINMEB_0744, SINMEB_1261, SINMEB_3202, SINMEB_3043, SINMEB_5502, SINMEB_2477, SINMEB_1144, SINMEB_5344, SINMEB_5069, SINMEB_1826, SINMEB_3726, SINMEB_3605, SINMEB_0579, SINMEB_3078, SINMEB_0085, SINMEB_1571, SINMEB_3355, SINMEB_1570, SINMEB_3592, SINMEB_4442, SINMEB_3199, SINMEB_0080, SINMEB_0644, SINMEB_4728, SINMEB_1851, SINMEB_2947, SINMEB_4601, SINMEB_0648, SINMEB_4328, SINMEB_0646, SINMEB_4795, SINMEB_3740, SINMEB_0075, SINMEB_2251, SINMEB_0354, SINMEB_0112, SINMEB_2256, SINMEB_4794, SINMEB_5366, SINMEB_2091, SINMEB_2090, SINMEB_4272, SINMEB_6176, SINMEB_2819, SINMEB_2898, SINMEB_0355, SINMEB_2259, SINMEB_2017, SINMEB_0356, SINMEB_2258, SINMEB_1961, SINMEB_0636, SINMEB_5525, SINMEB_6614, SINMEB_0516, SINMEB_0910, SINMEB_6616, SINMEB_3255, SINMEB_0380, SINMEB_2961, SINMEB_3252, SINMEB_5390, SINMEB_0827, SINMEB_0707, SINMEB_2728, SINMEB_1996, SINMEB_2204, SINMEB_0669, SINMEB_2727, SINMEB_2847, SINMEB_4349, SINMEB_5836, SINMEB_2967, SINMEB_2208, SINMEB_1636, SINMEB_2845, SINMEB_3244, SINMEB_2153, SINMEB_3087, SINMEB_6354, SINMEB_1740, SINMEB_1069, SINMEB_0376, SINMEB_3004, SINMEB_0131, SINMEB_6355, SINMEB_3243, SINMEB_2271, SINMEB_2270, SINMEB_0818, SINMEB_3809, SINMEB_2712, SINMEB_3803, SINMEB_0017, SINMEB_3128, SINMEB_2038, SINMEB_3248, SINMEB_1901, SINMEB_0934, SINMEB_1624	263	1152	1971	0.995336264258555	0.999999999997199	1	1
UP_KW_DOMAIN	KW-0812~Transmembrane	120	14.3540669856459	0.963506159260468	SINMEB_3311, SINMEB_0163, SINMEB_5733, SINMEB_2345, SINMEB_0166, SINMEB_2344, SINMEB_1650, SINMEB_4640, SINMEB_1414, SINMEB_2501, SINMEB_0964, SINMEB_4801, SINMEB_0602, SINMEB_1415, SINMEB_0715, SINMEB_1524, SINMEB_2217, SINMEB_1248, SINMEB_4639, SINMEB_3788, SINMEB_3211, SINMEB_4301, SINMEB_4302, SINMEB_5473, SINMEB_2485, SINMEB_5472, SINMEB_3052, SINMEB_0861, SINMEB_1797, SINMEB_0620, SINMEB_2401, SINMEB_3739, SINMEB_1279, SINMEB_0741, SINMEB_0108, SINMEB_3734, SINMEB_0744, SINMEB_1261, SINMEB_3202, SINMEB_3043, SINMEB_5502, SINMEB_2477, SINMEB_5344, SINMEB_1826, SINMEB_3726, SINMEB_3605, SINMEB_0579, SINMEB_3078, SINMEB_0085, SINMEB_1571, SINMEB_3355, SINMEB_1570, SINMEB_3592, SINMEB_4442, SINMEB_3199, SINMEB_0080, SINMEB_0644, SINMEB_4728, SINMEB_1851, SINMEB_2947, SINMEB_4601, SINMEB_0648, SINMEB_4328, SINMEB_0646, SINMEB_4795, SINMEB_3740, SINMEB_0075, SINMEB_1162, SINMEB_2251, SINMEB_0112, SINMEB_2256, SINMEB_4794, SINMEB_4272, SINMEB_6176, SINMEB_2819, SINMEB_2898, SINMEB_0355, SINMEB_2259, SINMEB_2017, SINMEB_0356, SINMEB_2258, SINMEB_1961, SINMEB_0636, SINMEB_5525, SINMEB_6614, SINMEB_0910, SINMEB_6616, SINMEB_3255, SINMEB_0380, SINMEB_2961, SINMEB_3252, SINMEB_5390, SINMEB_0827, SINMEB_0707, SINMEB_2728, SINMEB_1996, SINMEB_2204, SINMEB_0669, SINMEB_2727, SINMEB_2847, SINMEB_2967, SINMEB_2208, SINMEB_1636, SINMEB_3244, SINMEB_2153, SINMEB_3087, SINMEB_6354, SINMEB_0376, SINMEB_6355, SINMEB_3243, SINMEB_0818, SINMEB_3809, SINMEB_2712, SINMEB_0017, SINMEB_3128, SINMEB_2038, SINMEB_3248, SINMEB_1901, SINMEB_0934, SINMEB_1624	245	957	1776	0.908962958224042	0.999999999999996	1	1
UP_KW_DOMAIN	KW-1133~Transmembrane helix	67	8.01435406698565	0.979774318378246	SINMEB_3078, SINMEB_1131, SINMEB_3311, SINMEB_3355, SINMEB_5733, SINMEB_3592, SINMEB_0166, SINMEB_1650, SINMEB_3199, SINMEB_4640, SINMEB_4442, SINMEB_0080, SINMEB_0644, SINMEB_2501, SINMEB_1851, SINMEB_2947, SINMEB_4601, SINMEB_0648, SINMEB_0646, SINMEB_4795, SINMEB_3740, SINMEB_0075, SINMEB_2251, SINMEB_1162, SINMEB_0112, SINMEB_4794, SINMEB_4272, SINMEB_6176, SINMEB_2217, SINMEB_4639, SINMEB_0355, SINMEB_2259, SINMEB_2017, SINMEB_0356, SINMEB_2258, SINMEB_1961, SINMEB_0636, SINMEB_6614, SINMEB_0910, SINMEB_6616, SINMEB_0380, SINMEB_4302, SINMEB_2961, SINMEB_5473, SINMEB_2485, SINMEB_3052, SINMEB_0827, SINMEB_2728, SINMEB_1996, SINMEB_2204, SINMEB_1797, SINMEB_0620, SINMEB_2847, SINMEB_2208, SINMEB_3734, SINMEB_1636, SINMEB_2153, SINMEB_3202, SINMEB_5502, SINMEB_6354, SINMEB_0376, SINMEB_6355, SINMEB_3243, SINMEB_3809, SINMEB_0017, SINMEB_0934, SINMEB_1624	245	577	1776	0.841735931807732	1	1	1
												
Annotation Cluster 33	Enrichment Score: 0.15352580466328855											
Category	Term	Count	%	PValue	Genes	List Total	Pop Hits	Pop Total	Fold Enrichment	Bonferroni	Benjamini	FDR
INTERPRO	IPR001387:Helix-turn-helix	4	0.478468899521531	0.652531574902747	SINMEB_0382, SINMEB_3961, SINMEB_1456, SINMEB_2082	616	26	4890	1.22127872127872	1	1	1
UP_SEQ_FEATURE	DOMAIN:HTH cro/C1-type	4	0.478468899521531	0.674640893526107	SINMEB_0382, SINMEB_3961, SINMEB_1456, SINMEB_2082	565	26	4346	1.18339006126617	1	1	1
INTERPRO	IPR010982:Lambda repressor-like, DNA-binding domain	6	0.717703349282297	0.78658994804778	SINMEB_0382, SINMEB_3961, SINMEB_4440, SINMEB_2082, SINMEB_2725, SINMEB_4846	616	51	4890	0.933919022154316	1	1	1
												
Annotation Cluster 34	Enrichment Score: 0.1504486013349275											
Category	Term	Count	%	PValue	Genes	List Total	Pop Hits	Pop Total	Fold Enrichment	Bonferroni	Benjamini	FDR
INTERPRO	IPR016032:Signal transduction response regulator, C-terminal effector	5	0.598086124401914	0.55919058040856	SINMEB_2066, SINMEB_6358, SINMEB_6173, SINMEB_3150, SINMEB_0635	616	31	4890	1.2803728529535	1	1	1
SMART	SM00421:HTH_LUXR	3	0.358851674641148	0.755333102822109	SINMEB_2066, SINMEB_6358, SINMEB_6173	134	21	1075	1.14605543710021	1	1	1
INTERPRO	IPR000792:Transcription regulator LuxR, C-terminal	3	0.358851674641148	0.761574861590624	SINMEB_2066, SINMEB_6358, SINMEB_6173	616	21	4890	1.13404452690167	1	1	1
UP_SEQ_FEATURE	DOMAIN:HTH luxR-type	3	0.358851674641148	0.777668716963597	SINMEB_2066, SINMEB_6358, SINMEB_6173	565	21	4346	1.09886219974716	1	1	1
												
Annotation Cluster 35	Enrichment Score: 0.1199954220911683											
Category	Term	Count	%	PValue	Genes	List Total	Pop Hits	Pop Total	Fold Enrichment	Bonferroni	Benjamini	FDR
GOTERM_BP_DIRECT	GO:0051301~cell division	4	0.478468899521531	0.630291170293204	SINMEB_2961, SINMEB_0211, SINMEB_4876, SINMEB_4877	256	25	2016	1.26	1	1	1
GOTERM_BP_DIRECT	GO:0007049~cell cycle	3	0.358851674641148	0.653733226737002	SINMEB_2961, SINMEB_0211, SINMEB_4877	256	17	2016	1.38970588235294	1	1	1
UP_KW_BIOLOGICAL_PROCESS	KW-0131~Cell cycle	4	0.478468899521531	0.896475168891575	SINMEB_2961, SINMEB_0211, SINMEB_4876, SINMEB_4877	192	35	1339	0.797023809523809	1	1	1
UP_KW_BIOLOGICAL_PROCESS	KW-0132~Cell division	4	0.478468899521531	0.896475168891575	SINMEB_2961, SINMEB_0211, SINMEB_4876, SINMEB_4877	192	35	1339	0.797023809523809	1	1	1
												
Annotation Cluster 36	Enrichment Score: 0.11603552737415218											
Category	Term	Count	%	PValue	Genes	List Total	Pop Hits	Pop Total	Fold Enrichment	Bonferroni	Benjamini	FDR
INTERPRO	IPR020449:Transcription regulator HTH, AraC- type	3	0.358851674641148	0.649776958668581	SINMEB_3521, SINMEB_2046, SINMEB_3317	616	17	4890	1.40087853323147	1	1	1
INTERPRO	IPR018062:HTH domain AraC-type, conserved site	3	0.358851674641148	0.681132186466406	SINMEB_3521, SINMEB_2046, SINMEB_3317	616	18	4890	1.32305194805195	1	1	1
GOTERM_MF_DIRECT	GO:0043565~sequence-specific DNA binding	8	0.956937799043062	0.78479681806306	SINMEB_3521, SINMEB_2046, SINMEB_1456, SINMEB_1236, SINMEB_0884, SINMEB_0752, SINMEB_5547, SINMEB_3317	430	70	3453	0.917740863787375	1	1	1
SMART	SM00342:HTH_ARAC	4	0.478468899521531	0.829586808900895	SINMEB_3521, SINMEB_2046, SINMEB_0752, SINMEB_3317	134	35	1075	0.916844349680171	1	1	1
INTERPRO	IPR018060:DNA binding HTH domain, AraC-type	4	0.478468899521531	0.834807041914704	SINMEB_3521, SINMEB_2046, SINMEB_0752, SINMEB_3317	616	35	4890	0.907235621521336	1	1	1
UP_SEQ_FEATURE	DOMAIN:HTH araC/xylS-type	4	0.478468899521531	0.836731175348998	SINMEB_3521, SINMEB_2046, SINMEB_0752, SINMEB_3317	565	34	4346	0.904945340968246	1	1	1
												
Annotation Cluster 37	Enrichment Score: 0.10031042617090259											
Category	Term	Count	%	PValue	Genes	List Total	Pop Hits	Pop Total	Fold Enrichment	Bonferroni	Benjamini	FDR
UP_KW_MOLECULAR_FUNCTION	KW-0238~DNA-binding	36	4.30622009569378	0.549339765572386	SINMEB_2066, SINMEB_1032, SINMEB_2261, SINMEB_2961, SINMEB_4440, SINMEB_3791, SINMEB_2046, SINMEB_6301, SINMEB_3292, SINMEB_3150, SINMEB_0825, SINMEB_1876, SINMEB_0885, SINMEB_0545, SINMEB_1456, SINMEB_0564, SINMEB_1236, SINMEB_4327, SINMEB_2725, SINMEB_1932, SINMEB_4846, SINMEB_3317, SINMEB_0602, SINMEB_6358, SINMEB_3224, SINMEB_3521, SINMEB_2279, SINMEB_5486, SINMEB_1385, SINMEB_6173, SINMEB_0539, SINMEB_2316, SINMEB_3028, SINMEB_4916, SINMEB_5547, SINMEB_0733	311	275	2419	1.01822858813213	0.999999999999993	1	1
UP_KW_BIOLOGICAL_PROCESS	KW-0805~Transcription regulation	17	2.03349282296651	0.94790540728593	SINMEB_2261, SINMEB_4440, SINMEB_6301, SINMEB_5486, SINMEB_1440, SINMEB_6173, SINMEB_3150, SINMEB_1876, SINMEB_1456, SINMEB_0564, SINMEB_1236, SINMEB_4916, SINMEB_0752, SINMEB_5547, SINMEB_0439, SINMEB_2725, SINMEB_4846	192	154	1339	0.769852543290043	1	1	1
UP_KW_BIOLOGICAL_PROCESS	KW-0804~Transcription	17	2.03349282296651	0.960423289830593	SINMEB_2261, SINMEB_4440, SINMEB_6301, SINMEB_5486, SINMEB_1440, SINMEB_6173, SINMEB_3150, SINMEB_1876, SINMEB_1456, SINMEB_0564, SINMEB_1236, SINMEB_4916, SINMEB_0752, SINMEB_5547, SINMEB_0439, SINMEB_2725, SINMEB_4846	192	158	1339	0.750362605485232	1	1	1
												
Annotation Cluster 38	Enrichment Score: 0.0793631858615144											
Category	Term	Count	%	PValue	Genes	List Total	Pop Hits	Pop Total	Fold Enrichment	Bonferroni	Benjamini	FDR
UP_KW_LIGAND	KW-0830~Ubiquinone	5	0.598086124401914	0.78914906468738	SINMEB_1419, SINMEB_6354, SINMEB_6355, SINMEB_6344, SINMEB_1901	136	38	985	0.952979876160991	1	1	1
UP_KW_PTM	KW-0874~Quinone	3	0.358851674641148	0.845118874651798	SINMEB_6354, SINMEB_6355, SINMEB_6344	25	25	197	0.9456	0.999424568036407	1	1
GOTERM_MF_DIRECT	GO:0048038~quinone binding	3	0.358851674641148	0.86662975296508	SINMEB_6354, SINMEB_6355, SINMEB_6344	430	27	3453	0.892248062015504	1	1	1
												
Annotation Cluster 39	Enrichment Score: 0.07170852325326967											
Category	Term	Count	%	PValue	Genes	List Total	Pop Hits	Pop Total	Fold Enrichment	Bonferroni	Benjamini	FDR
INTERPRO	IPR010982:Lambda repressor-like, DNA-binding domain	6	0.717703349282297	0.78658994804778	SINMEB_0382, SINMEB_3961, SINMEB_4440, SINMEB_2082, SINMEB_2725, SINMEB_4846	616	51	4890	0.933919022154316	1	1	1
SMART	SM00354:HTH_LACI	3	0.358851674641148	0.867273501886192	SINMEB_4440, SINMEB_2725, SINMEB_4846	134	27	1075	0.891376451077944	1	1	1
UP_SEQ_FEATURE	DOMAIN:HTH lacI-type	3	0.358851674641148	0.869372328992253	SINMEB_4440, SINMEB_2725, SINMEB_4846	565	26	4346	0.887542545949625	1	1	1
INTERPRO	IPR000843:Transcription regulator HTH, LacI	3	0.358851674641148	0.871075149871369	SINMEB_4440, SINMEB_2725, SINMEB_4846	616	27	4890	0.882034632034632	1	1	1
												
Annotation Cluster 40	Enrichment Score: 0.06868192836300527											
Category	Term	Count	%	PValue	Genes	List Total	Pop Hits	Pop Total	Fold Enrichment	Bonferroni	Benjamini	FDR
INTERPRO	IPR004360:Glyoxalase/fosfomycin resistance/dioxygenase domain	3	0.358851674641148	0.761574861590624	SINMEB_2772, SINMEB_0005, SINMEB_1748	616	21	4890	1.13404452690167	1	1	1
UP_KW_MOLECULAR_FUNCTION	KW-0223~Dioxygenase	4	0.478468899521531	0.883179203243462	SINMEB_1593, SINMEB_2772, SINMEB_0005, SINMEB_1748	311	38	2419	0.81875105770858	1	1	1
UP_SEQ_FEATURE	DOMAIN:VOC	3	0.358851674641148	0.92510873315952	SINMEB_2772, SINMEB_0005, SINMEB_1748	565	31	4346	0.744390522409363	1	1	1
												
Annotation Cluster 41	Enrichment Score: 0.06389712715119115											
Category	Term	Count	%	PValue	Genes	List Total	Pop Hits	Pop Total	Fold Enrichment	Bonferroni	Benjamini	FDR
UP_SEQ_FEATURE	METAL:Magnesium	8	0.956937799043062	0.771302654971506	SINMEB_1095, SINMEB_1584, SINMEB_2882, SINMEB_1403, SINMEB_6173, SINMEB_1049, SINMEB_4471, SINMEB_3150	565	66	4346	0.932367927058192	1	1	1
GOTERM_MF_DIRECT	GO:0000287~magnesium ion binding	7	0.837320574162679	0.899110359294915	SINMEB_2882, SINMEB_1403, SINMEB_2723, SINMEB_1049, SINMEB_4471, SINMEB_1528, SINMEB_1889	430	72	3453	0.780717054263566	1	1	1
UP_KW_LIGAND	KW-0460~Magnesium	17	2.03349282296651	0.927407899336819	SINMEB_1031, SINMEB_1095, SINMEB_3196, SINMEB_2146, SINMEB_1584, SINMEB_2882, SINMEB_0044, SINMEB_6173, SINMEB_4471, SINMEB_3150, SINMEB_2723, SINMEB_1403, SINMEB_1049, SINMEB_1995, SINMEB_1528, SINMEB_1889, SINMEB_1757	136	154	985	0.799512987012987	1	1	1
												
Annotation Cluster 42	Enrichment Score: 0.042887618409082395											
Category	Term	Count	%	PValue	Genes	List Total	Pop Hits	Pop Total	Fold Enrichment	Bonferroni	Benjamini	FDR
INTERPRO	IPR004839:Aminotransferase, class I/classII	3	0.358851674641148	0.804899191703953	SINMEB_2817, SINMEB_1907, SINMEB_1756	616	23	4890	1.035431959345	1	1	1
UP_KW_LIGAND	KW-0663~Pyridoxal phosphate	4	0.478468899521531	0.838218754903312	SINMEB_2817, SINMEB_1481, SINMEB_1485, SINMEB_1756	136	32	985	0.905330882352941	1	1	1
INTERPRO	IPR015421:Pyridoxal phosphate-dependent transferase, major region, subdomain 1	5	0.598086124401914	0.934607235373876	SINMEB_2817, SINMEB_1481, SINMEB_1485, SINMEB_1907, SINMEB_1756	616	56	4890	0.708777829313543	1	1	1
INTERPRO	IPR015424:Pyridoxal phosphate-dependent transferase	5	0.598086124401914	0.934607235373876	SINMEB_2817, SINMEB_1481, SINMEB_1485, SINMEB_1907, SINMEB_1756	616	56	4890	0.708777829313543	1	1	1
INTERPRO	IPR015422:Pyridoxal phosphate-dependent transferase, major region, subdomain 2	4	0.478468899521531	0.960256915563435	SINMEB_2817, SINMEB_1481, SINMEB_1485, SINMEB_1756	616	50	4890	0.635064935064935	1	1	1
GOTERM_MF_DIRECT	GO:0030170~pyridoxal phosphate binding	4	0.478468899521531	0.977079053940166	SINMEB_2817, SINMEB_1481, SINMEB_1907, SINMEB_1756	430	56	3453	0.57358803986711	1	1	1
												
Annotation Cluster 43	Enrichment Score: 0.04203120412437265											
Category	Term	Count	%	PValue	Genes	List Total	Pop Hits	Pop Total	Fold Enrichment	Bonferroni	Benjamini	FDR
UP_SEQ_FEATURE	DOMAIN:SBP_bac_5	3	0.358851674641148	0.895166056697025	SINMEB_3804, SINMEB_1763, SINMEB_4557	565	28	4346	0.824146649810367	1	1	1
INTERPRO	IPR000914:Bacterial extracellular solute-binding protein, family 5	3	0.358851674641148	0.895783211347702	SINMEB_3804, SINMEB_1763, SINMEB_4557	616	29	4890	0.821204657411554	1	1	1
PIR_SUPERFAMILY	PIRSF002741:peptide binding protein, MppA type	3	0.358851674641148	0.932824325712608	SINMEB_3804, SINMEB_1763, SINMEB_4557	99	28	675	0.730519480519481	1	1	1
												
Annotation Cluster 44	Enrichment Score: 0.03301531767347371											
Category	Term	Count	%	PValue	Genes	List Total	Pop Hits	Pop Total	Fold Enrichment	Bonferroni	Benjamini	FDR
GOTERM_MF_DIRECT	GO:0004316~3-oxoacyl-[acyl-carrier-protein] reductase (NADPH) activity	4	0.478468899521531	0.890445636365704	SINMEB_1592, SINMEB_5501, SINMEB_4924, SINMEB_0438	430	40	3453	0.803023255813953	1	1	1
GOTERM_MF_DIRECT	GO:0102132~3-oxo-pimeloyl-[acp] methyl ester reductase activity	4	0.478468899521531	0.890445636365704	SINMEB_1592, SINMEB_5501, SINMEB_4924, SINMEB_0438	430	40	3453	0.803023255813953	1	1	1
INTERPRO	IPR002347:Glucose/ribitol dehydrogenase	6	0.717703349282297	0.96173465030243	SINMEB_1592, SINMEB_5501, SINMEB_2268, SINMEB_4924, SINMEB_1259, SINMEB_0438	616	73	4890	0.652463974381783	1	1	1
INTERPRO	IPR020904:Short-chain dehydrogenase/reductase, conserved site	4	0.478468899521531	0.967539369901174	SINMEB_1592, SINMEB_5501, SINMEB_2268, SINMEB_0438	616	52	4890	0.610639360639361	1	1	1
												
Annotation Cluster 45	Enrichment Score: 0.0273845447923213											
Category	Term	Count	%	PValue	Genes	List Total	Pop Hits	Pop Total	Fold Enrichment	Bonferroni	Benjamini	FDR
INTERPRO	IPR016181:Acyl-CoA N-acyltransferase	5	0.598086124401914	0.899225917420531	SINMEB_2928, SINMEB_2927, SINMEB_5348, SINMEB_1079, SINMEB_0026	616	51	4890	0.778265851795263	1	1	1
GOTERM_MF_DIRECT	GO:0008080~N-acetyltransferase activity	3	0.358851674641148	0.943439737319156	SINMEB_2928, SINMEB_2927, SINMEB_1079	430	35	3453	0.688305647840532	1	1	1
INTERPRO	IPR000182:GNAT domain	3	0.358851674641148	0.951649714183223	SINMEB_2928, SINMEB_2927, SINMEB_1079	616	36	4890	0.661525974025974	1	1	1
UP_SEQ_FEATURE	DOMAIN:N-acetyltransferase	3	0.358851674641148	0.962502173973264	SINMEB_2928, SINMEB_2927, SINMEB_1079	565	37	4346	0.623678545802439	1	1	1
												
Annotation Cluster 46	Enrichment Score: 0.018690193623655343											
Category	Term	Count	%	PValue	Genes	List Total	Pop Hits	Pop Total	Fold Enrichment	Bonferroni	Benjamini	FDR
SMART	SM00345:HTH_GNTR	4	0.478468899521531	0.955040390521951	SINMEB_5486, SINMEB_6301, SINMEB_1907, SINMEB_5547	134	49	1075	0.654888821200122	1	1	1
SMART	SM00895:SM00895	3	0.358851674641148	0.955623588330136	SINMEB_5486, SINMEB_6301, SINMEB_5547	134	37	1075	0.650463896732553	1	1	1
INTERPRO	IPR008920:Fatty acid responsive transcription factor FadR, C-terminal	3	0.358851674641148	0.956782704798663	SINMEB_5486, SINMEB_6301, SINMEB_5547	616	37	4890	0.643646893646894	1	1	1
INTERPRO	IPR011711:GntR, C-terminal	3	0.358851674641148	0.956782704798663	SINMEB_5486, SINMEB_6301, SINMEB_5547	616	37	4890	0.643646893646894	1	1	1
INTERPRO	IPR000524:Transcription regulator HTH, GntR	4	0.478468899521531	0.960256915563435	SINMEB_5486, SINMEB_6301, SINMEB_1907, SINMEB_5547	616	50	4890	0.635064935064935	1	1	1
UP_SEQ_FEATURE	DOMAIN:HTH gntR-type	4	0.478468899521531	0.96280017805332	SINMEB_5486, SINMEB_6301, SINMEB_1907, SINMEB_5547	565	49	4346	0.627921256998375	1	1	1
												
Annotation Cluster 47	Enrichment Score: 1.1446826843252943E-4											
Category	Term	Count	%	PValue	Genes	List Total	Pop Hits	Pop Total	Fold Enrichment	Bonferroni	Benjamini	FDR
INTERPRO	IPR005119:LysR, substrate-binding	3	0.358851674641148	0.999591998894266	SINMEB_1461, SINMEB_5354, SINMEB_1512	616	76	4890	0.313354408749146	1	1	1
INTERPRO	IPR000847:Transcription regulator HTH, LysR	3	0.358851674641148	0.999752255073662	SINMEB_1461, SINMEB_5354, SINMEB_1512	616	80	4890	0.297686688311688	1	1	1
UP_SEQ_FEATURE	DOMAIN:HTH lysR-type	3	0.358851674641148	0.999865150288512	SINMEB_1461, SINMEB_5354, SINMEB_1512	565	82	4346	0.28141592920354	1	1	1
